dataset_id,partition_id,partition_role,comparison_family,primary,candidate_config_id,reference_config_id,candidate_representation,candidate_scorer,hypothesis,status,candidate_ap,reference_ap,delta_ap,ap_ci_low,ap_ci_high,candidate_recall_at_100,reference_recall_at_100,delta_recall_at_100,recall_ci_low,recall_ci_high,p_value_raw,p_value_holm,significant_favorable,significant_reversal
acme_process_telemetry,acme_development,development,raw_isolation_forest_vs_raw_knn,True,intrinsic|observed|raw_session|isolation_forest|Process Resource Consumption Profile,intrinsic|observed|raw_session|knn_mean_distance|Process Resource Consumption Profile,raw_session,isolation_forest,Process Resource Consumption Profile,completed,0.352099651078945,0.4197658779326463,-0.06766622685370133,-0.19166422705972994,0.11358694833508817,0.8461538461538461,0.9230769230769231,-0.07692307692307698,-0.27272727272727276,0.0,0.6434694906707009,1.0,False,False
acme_process_telemetry,acme_development,development,raw_hdbscan_vs_raw_knn,True,intrinsic|observed|raw_session|hdbscan_rare_cluster|Process Resource Consumption Profile,intrinsic|observed|raw_session|knn_mean_distance|Process Resource Consumption Profile,raw_session,hdbscan_rare_cluster,Process Resource Consumption Profile,not_evaluable,,0.4197658779326463,,,,,0.9230769230769231,,,,,,False,False
acme_process_telemetry,acme_development,development,graphsage_trained_knn_vs_raw_knn,True,intrinsic|observed|graphsage_trained|knn_mean_distance|Process Resource Consumption Profile,intrinsic|observed|raw_session|knn_mean_distance|Process Resource Consumption Profile,graphsage_trained,knn_mean_distance,Process Resource Consumption Profile,completed,0.4581194604891807,0.4197658779326463,0.03835358255653437,-0.08536766495959223,0.19163100789316223,0.9230769230769231,0.9230769230769231,0.0,0.0,0.0,0.5617750882501261,1.0,False,False
acme_process_telemetry,acme_development,development,graphsage_trained_vs_random,True,intrinsic|observed|graphsage_trained|knn_mean_distance|Process Resource Consumption Profile,intrinsic|observed|graphsage_random|knn_mean_distance|Process Resource Consumption Profile,graphsage_trained,knn_mean_distance,Process Resource Consumption Profile,completed,0.4581194604891807,0.4645043714948895,-0.006384911005708815,-0.06163561843266766,0.11890741608367908,0.9230769230769231,0.9230769230769231,0.0,0.0,0.0,0.8532526475037822,1.0,False,False
acme_process_telemetry,acme_development,development,dominant_trained_vs_untrained,True,intrinsic|observed|dominant_style_trained|dominant_joint_reconstruction|Process Resource Consumption Profile,intrinsic|observed|dominant_style_untrained|dominant_joint_reconstruction|Process Resource Consumption Profile,dominant_style_trained,dominant_joint_reconstruction,Process Resource Consumption Profile,completed,0.20389082540680956,0.27009264722846515,-0.0662018218216556,-0.3618737855655303,0.05822535321561581,0.5384615384615384,0.7692307692307693,-0.23076923076923084,-0.5,0.07692307692307687,0.32476046394351993,1.0,False,False
acme_process_telemetry,acme_development,development,graphsage_observed_vs_permuted,True,intrinsic|observed|graphsage_trained|knn_mean_distance|Process Resource Consumption Profile,intrinsic|degree_sequence_preserving_target_permutation|graphsage_trained|knn_mean_distance|Process Resource Consumption Profile,graphsage_trained,knn_mean_distance,Process Resource Consumption Profile,completed,0.4581194604891807,0.38212530402685146,0.07599415646232921,-0.04360174425963892,0.2427524343117803,0.9230769230769231,0.9230769230769231,0.0,0.0,0.0,0.3691376701966717,1.0,False,False
acme_process_telemetry,acme_development,development,graphsage_observed_vs_permuted,True,intrinsic|observed|graphsage_trained|isolation_forest|Process Resource Consumption Profile,intrinsic|degree_sequence_preserving_target_permutation|graphsage_trained|isolation_forest|Process Resource Consumption Profile,graphsage_trained,isolation_forest,Process Resource Consumption Profile,completed,0.4163944235235059,0.388437103875227,0.02795731964827891,-0.055370243028503435,0.1516644501402016,0.9230769230769231,0.8461538461538461,0.07692307692307698,0.0,0.2857142857142857,0.6414523449319214,1.0,False,False
acme_process_telemetry,acme_development,development,graphsage_observed_vs_permuted,True,intrinsic|observed|graphsage_trained|hdbscan_rare_cluster|Process Resource Consumption Profile,intrinsic|degree_sequence_preserving_target_permutation|graphsage_trained|hdbscan_rare_cluster|Process Resource Consumption Profile,graphsage_trained,hdbscan_rare_cluster,Process Resource Consumption Profile,completed,0.026079425791661094,0.022543792840822544,0.0035356329508385506,-0.0507617119385261,0.03643370827955005,0.15384615384615385,0.07692307692307693,0.07692307692307693,0.0,0.30833333333332896,1.0,1.0,False,False
acme_process_telemetry,acme_development,development,raw_isolation_forest_vs_raw_knn,True,intrinsic|observed|raw_session|isolation_forest|Local State Modification and Data Access,intrinsic|observed|raw_session|knn_mean_distance|Local State Modification and Data Access,raw_session,isolation_forest,Local State Modification and Data Access,completed,0.3123742379758367,0.364716850984855,-0.052342613009018324,-0.3089083742455027,0.12013217449462103,0.7692307692307693,0.7692307692307693,0.0,-0.5555555555555556,0.3036538461538455,0.5365607665153808,1.0,False,False
acme_process_telemetry,acme_development,development,raw_hdbscan_vs_raw_knn,True,intrinsic|observed|raw_session|hdbscan_rare_cluster|Local State Modification and Data Access,intrinsic|observed|raw_session|knn_mean_distance|Local State Modification and Data Access,raw_session,hdbscan_rare_cluster,Local State Modification and Data Access,not_evaluable,,0.364716850984855,,,,,0.7692307692307693,,,,,,False,False
acme_process_telemetry,acme_development,development,graphsage_trained_knn_vs_raw_knn,True,intrinsic|observed|graphsage_trained|knn_mean_distance|Local State Modification and Data Access,intrinsic|observed|raw_session|knn_mean_distance|Local State Modification and Data Access,graphsage_trained,knn_mean_distance,Local State Modification and Data Access,completed,0.37307008113946266,0.364716850984855,0.00835323015460765,-0.12390252963270415,0.11022728308564543,0.8461538461538461,0.7692307692307693,0.07692307692307687,0.0,0.2788333333333331,0.7140695915279879,1.0,False,False
acme_process_telemetry,acme_development,development,graphsage_trained_vs_random,True,intrinsic|observed|graphsage_trained|knn_mean_distance|Local State Modification and Data Access,intrinsic|observed|graphsage_random|knn_mean_distance|Local State Modification and Data Access,graphsage_trained,knn_mean_distance,Local State Modification and Data Access,completed,0.37307008113946266,0.35462695118213516,0.018443129957327498,-0.021916948702445732,0.09146461996915481,0.8461538461538461,0.8461538461538461,0.0,-0.1428571428571428,0.09090909090909094,0.4175491679273828,1.0,False,False
acme_process_telemetry,acme_development,development,dominant_trained_vs_untrained,True,intrinsic|observed|dominant_style_trained|dominant_joint_reconstruction|Local State Modification and Data Access,intrinsic|observed|dominant_style_untrained|dominant_joint_reconstruction|Local State Modification and Data Access,dominant_style_trained,dominant_joint_reconstruction,Local State Modification and Data Access,completed,0.0504765678042737,0.06625230263673093,-0.015775734832457228,-0.11010453278457774,0.018441467103837095,0.3076923076923077,0.23076923076923078,0.07692307692307693,-0.2422794117647058,0.25,0.4367120524457892,1.0,False,False
acme_process_telemetry,acme_development,development,graphsage_observed_vs_permuted,True,intrinsic|observed|graphsage_trained|knn_mean_distance|Local State Modification and Data Access,intrinsic|degree_sequence_preserving_target_permutation|graphsage_trained|knn_mean_distance|Local State Modification and Data Access,graphsage_trained,knn_mean_distance,Local State Modification and Data Access,completed,0.37307008113946266,0.24083316100012517,0.1322369201393375,0.002462512249515722,0.32651676530174306,0.8461538461538461,0.9230769230769231,-0.07692307692307698,-0.20000000000000007,0.04648268398268379,0.031265758951084216,1.0,False,False
acme_process_telemetry,acme_development,development,graphsage_observed_vs_permuted,True,intrinsic|observed|graphsage_trained|isolation_forest|Local State Modification and Data Access,intrinsic|degree_sequence_preserving_target_permutation|graphsage_trained|isolation_forest|Local State Modification and Data Access,graphsage_trained,isolation_forest,Local State Modification and Data Access,completed,0.4004351308588517,0.249309023262289,0.1511261075965627,-0.12963285520848064,0.35286492413678117,0.8461538461538461,0.8461538461538461,0.0,0.0,0.12758152173912995,0.31870902672718104,1.0,False,False
acme_process_telemetry,acme_development,development,graphsage_observed_vs_permuted,True,intrinsic|observed|graphsage_trained|hdbscan_rare_cluster|Local State Modification and Data Access,intrinsic|degree_sequence_preserving_target_permutation|graphsage_trained|hdbscan_rare_cluster|Local State Modification and Data Access,graphsage_trained,hdbscan_rare_cluster,Local State Modification and Data Access,completed,0.025921553693830923,0.022663635141794723,0.0032579185520362,0.0,0.011538461538461546,0.15384615384615385,0.15384615384615385,0.0,0.0,0.0,1.0,1.0,False,False
acme_process_telemetry,acme_development,development,raw_isolation_forest_vs_raw_knn,True,intrinsic|observed|raw_session|isolation_forest|TCP Communication Volume and Directionality,intrinsic|observed|raw_session|knn_mean_distance|TCP Communication Volume and Directionality,raw_session,isolation_forest,TCP Communication Volume and Directionality,completed,0.2522554055226766,0.27579050598852584,-0.023535100465849224,-0.09194139194139195,0.013668093774672214,0.38461538461538464,0.38461538461538464,0.0,0.0,0.0,0.7291981845688351,1.0,False,False
acme_process_telemetry,acme_development,development,raw_hdbscan_vs_raw_knn,True,intrinsic|observed|raw_session|hdbscan_rare_cluster|TCP Communication Volume and Directionality,intrinsic|observed|raw_session|knn_mean_distance|TCP Communication Volume and Directionality,raw_session,hdbscan_rare_cluster,TCP Communication Volume and Directionality,completed,0.01611018625151694,0.27579050598852584,-0.2596803197370089,-0.4888798624911531,-0.009277987561804304,0.0,0.38461538461538464,-0.38461538461538464,-0.7180555555555556,-0.023863636363640497,0.05143721633888049,1.0,False,False
acme_process_telemetry,acme_development,development,graphsage_trained_knn_vs_raw_knn,True,intrinsic|observed|graphsage_trained|knn_mean_distance|TCP Communication Volume and Directionality,intrinsic|observed|raw_session|knn_mean_distance|TCP Communication Volume and Directionality,graphsage_trained,knn_mean_distance,TCP Communication Volume and Directionality,completed,0.5074894718931257,0.27579050598852584,0.23169896590459982,-0.010388270519838913,0.4464002480522243,0.7692307692307693,0.38461538461538464,0.38461538461538464,0.0375000000000004,0.7142857142857143,0.08774583963691376,1.0,False,False
acme_process_telemetry,acme_development,development,graphsage_trained_vs_random,True,intrinsic|observed|graphsage_trained|knn_mean_distance|TCP Communication Volume and Directionality,intrinsic|observed|graphsage_random|knn_mean_distance|TCP Communication Volume and Directionality,graphsage_trained,knn_mean_distance,TCP Communication Volume and Directionality,completed,0.5074894718931257,0.5396715310926278,-0.03218205919950212,-0.06458951759289885,0.05542449300741299,0.7692307692307693,0.7692307692307693,0.0,0.0,0.0,0.7140695915279879,1.0,False,False
acme_process_telemetry,acme_development,development,dominant_trained_vs_untrained,True,intrinsic|observed|dominant_style_trained|dominant_joint_reconstruction|TCP Communication Volume and Directionality,intrinsic|observed|dominant_style_untrained|dominant_joint_reconstruction|TCP Communication Volume and Directionality,dominant_style_trained,dominant_joint_reconstruction,TCP Communication Volume and Directionality,completed,0.33174029701495805,0.31599297532392057,0.015747321691037486,-0.13172135199380194,0.09661023746902907,0.46153846153846156,0.46153846153846156,0.0,0.0,0.5,0.6969238527483611,1.0,False,False
acme_process_telemetry,acme_development,development,graphsage_observed_vs_permuted,True,intrinsic|observed|graphsage_trained|knn_mean_distance|TCP Communication Volume and Directionality,intrinsic|degree_sequence_preserving_target_permutation|graphsage_trained|knn_mean_distance|TCP Communication Volume and Directionality,graphsage_trained,knn_mean_distance,TCP Communication Volume and Directionality,completed,0.5074894718931257,0.13282265541782973,0.3746668164752959,0.024694520382916918,0.6465110091727094,0.7692307692307693,0.38461538461538464,0.38461538461538464,0.0375000000000004,0.7142857142857143,0.0010085728693898135,0.14725163893091278,False,False
acme_process_telemetry,acme_development,development,graphsage_observed_vs_permuted,True,intrinsic|observed|graphsage_trained|isolation_forest|TCP Communication Volume and Directionality,intrinsic|degree_sequence_preserving_target_permutation|graphsage_trained|isolation_forest|TCP Communication Volume and Directionality,graphsage_trained,isolation_forest,TCP Communication Volume and Directionality,completed,0.4005585847098686,0.192418655493041,0.2081399292168276,-0.02562402531401515,0.47650575265274114,0.7692307692307693,0.38461538461538464,0.38461538461538464,0.0375000000000004,0.7142857142857143,0.08673726676752395,1.0,False,False
acme_process_telemetry,acme_development,development,graphsage_observed_vs_permuted,True,intrinsic|observed|graphsage_trained|hdbscan_rare_cluster|TCP Communication Volume and Directionality,intrinsic|degree_sequence_preserving_target_permutation|graphsage_trained|hdbscan_rare_cluster|TCP Communication Volume and Directionality,graphsage_trained,hdbscan_rare_cluster,TCP Communication Volume and Directionality,completed,0.015130175771144281,0.01492380945665538,0.00020636631448890143,-0.006543042081146591,0.003958863142768372,0.0,0.07692307692307693,-0.07692307692307693,-0.21428571428571427,0.0,1.0,1.0,False,False
acme_process_telemetry,acme_development,development,node2vec_observed_vs_permuted,True,intrinsic|observed|node2vec|knn_mean_distance|__none__,intrinsic|degree_sequence_preserving_target_permutation|node2vec|knn_mean_distance|__none__,node2vec,knn_mean_distance,,completed,0.03609799204671305,0.0222792039066525,0.013818788140060552,0.0026323755879127755,0.04110353297249145,0.23076923076923078,0.15384615384615385,0.07692307692307693,0.0,0.25,0.0010085728693898135,0.14725163893091278,False,False
acme_process_telemetry,acme_development,development,node2vec_observed_vs_permuted,True,intrinsic|observed|node2vec|isolation_forest|__none__,intrinsic|degree_sequence_preserving_target_permutation|node2vec|isolation_forest|__none__,node2vec,isolation_forest,,completed,0.047121718658170775,0.03341160772384433,0.013710110934326447,-0.030529363801405567,0.1355373568932006,0.3076923076923077,0.3076923076923077,0.0,-0.34124999999999994,0.35714285714285715,0.5476550680786687,1.0,False,False
acme_process_telemetry,acme_development,development,node2vec_observed_vs_permuted,True,intrinsic|observed|node2vec|hdbscan_rare_cluster|__none__,intrinsic|degree_sequence_preserving_target_permutation|node2vec|hdbscan_rare_cluster|__none__,node2vec,hdbscan_rare_cluster,,completed,0.021844492141521846,0.015819071021761104,0.0060254211197607425,-0.0025696146729180564,0.018236034644823408,0.07692307692307693,0.07692307692307693,0.0,-0.21428571428571427,0.2180555555555548,0.5940494200706001,1.0,False,False
acme_process_telemetry,acme_development,development,matched_vs_intrinsic,True,matched|observed|raw_session|knn_mean_distance|Process Resource Consumption Profile,intrinsic|observed|raw_session|knn_mean_distance|Process Resource Consumption Profile,raw_session,knn_mean_distance,Process Resource Consumption Profile,completed,0.46231938257407357,0.4197658779326463,0.042553504641427264,-0.02724725499286518,0.17621548748460839,0.9230769230769231,0.9230769230769231,0.0,-0.20000000000000007,0.0,0.41250630358043366,1.0,False,False
acme_process_telemetry,acme_development,development,matched_vs_intrinsic,True,matched|observed|raw_session|isolation_forest|Process Resource Consumption Profile,intrinsic|observed|raw_session|isolation_forest|Process Resource Consumption Profile,raw_session,isolation_forest,Process Resource Consumption Profile,completed,0.21370378009309451,0.352099651078945,-0.13839587098585046,-0.22970902731955026,0.11156526904468082,0.8461538461538461,0.8461538461538461,0.0,0.0,0.0,0.627332324760464,1.0,False,False
acme_process_telemetry,acme_development,development,matched_vs_intrinsic,True,matched|observed|raw_session|knn_mean_distance|Local State Modification and Data Access,intrinsic|observed|raw_session|knn_mean_distance|Local State Modification and Data Access,raw_session,knn_mean_distance,Local State Modification and Data Access,completed,0.3407962700192953,0.364716850984855,-0.023920580965559712,-0.07166063925704343,0.01861455604668195,0.6923076923076923,0.7692307692307693,-0.07692307692307698,-0.25,0.0,0.41855774079677255,1.0,False,False
acme_process_telemetry,acme_development,development,matched_vs_intrinsic,True,matched|observed|raw_session|isolation_forest|Local State Modification and Data Access,intrinsic|observed|raw_session|isolation_forest|Local State Modification and Data Access,raw_session,isolation_forest,Local State Modification and Data Access,completed,0.29015792661273354,0.3123742379758367,-0.022216311363103147,-0.09101694821787783,0.010985866263810066,0.6923076923076923,0.7692307692307693,-0.07692307692307698,-0.18451704545454545,0.4166666666666667,0.583963691376702,1.0,False,False
acme_process_telemetry,acme_development,development,matched_vs_intrinsic,True,matched|observed|raw_session|knn_mean_distance|TCP Communication Volume and Directionality,intrinsic|observed|raw_session|knn_mean_distance|TCP Communication Volume and Directionality,raw_session,knn_mean_distance,TCP Communication Volume and Directionality,completed,0.2574754876735075,0.27579050598852584,-0.01831501831501836,-0.09840909090909088,0.0010121457489878625,0.38461538461538464,0.38461538461538464,0.0,0.0,0.0,0.5254664649520928,1.0,False,False
acme_process_telemetry,acme_development,development,matched_vs_intrinsic,True,matched|observed|raw_session|isolation_forest|TCP Communication Volume and Directionality,intrinsic|observed|raw_session|isolation_forest|TCP Communication Volume and Directionality,raw_session,isolation_forest,TCP Communication Volume and Directionality,completed,0.23256598168891085,0.2522554055226766,-0.019689423833765762,-0.10784313725490195,0.0038087015114158965,0.38461538461538464,0.38461538461538464,0.0,0.0,0.0,0.6767523953605648,1.0,False,False
acme_process_telemetry,acme_development,development,matched_vs_intrinsic,True,matched|observed|raw_session|hdbscan_rare_cluster|TCP Communication Volume and Directionality,intrinsic|observed|raw_session|hdbscan_rare_cluster|TCP Communication Volume and Directionality,raw_session,hdbscan_rare_cluster,TCP Communication Volume and Directionality,completed,0.01488353209257582,0.01611018625151694,-0.0012266541589411213,-0.0026670468619162907,0.0,0.0,0.0,0.0,0.0,0.0,0.7150781643973777,1.0,False,False
acme_process_telemetry,acme_development,development,matched_vs_intrinsic,True,matched|observed|typed_structural_stats|knn_mean_distance|__none__,intrinsic|observed|typed_structural_stats|knn_mean_distance|__none__,typed_structural_stats,knn_mean_distance,,completed,0.11216884804544991,0.10695550169160836,0.005213346353841547,-0.01863499570398623,0.05721277298743383,0.46153846153846156,0.46153846153846156,0.0,0.0,0.1333333333333333,0.9470499243570348,1.0,False,False
acme_process_telemetry,acme_development,development,matched_vs_intrinsic,True,matched|observed|typed_structural_stats|isolation_forest|__none__,intrinsic|observed|typed_structural_stats|isolation_forest|__none__,typed_structural_stats,isolation_forest,,completed,0.15474030487659926,0.11441337892620626,0.040326925950393,-0.019549492050005144,0.1419496760911672,0.6923076923076923,0.5384615384615384,0.15384615384615385,0.0,0.25,0.3973777105395865,1.0,False,False
acme_process_telemetry,acme_development,development,matched_vs_intrinsic,True,matched|observed|typed_structural_stats|hdbscan_rare_cluster|__none__,intrinsic|observed|typed_structural_stats|hdbscan_rare_cluster|__none__,typed_structural_stats,hdbscan_rare_cluster,,completed,0.03679179912616101,0.03259925712736272,0.004192541998798295,-0.011783452512506882,0.03526474910291149,0.23076923076923078,0.15384615384615385,0.07692307692307693,-0.3,0.5417832167832162,0.4589006555723651,1.0,False,False
acme_process_telemetry,acme_development,development,matched_vs_intrinsic,True,matched|observed|node2vec|knn_mean_distance|__none__,intrinsic|observed|node2vec|knn_mean_distance|__none__,node2vec,knn_mean_distance,,completed,0.027245762666812147,0.03609799204671305,-0.008852229379900906,-0.023947404581464642,-0.001453785953320084,0.15384615384615385,0.23076923076923078,-0.07692307692307693,-0.14285714285714285,0.0,0.010085728693898134,0.8371154815935451,False,False
acme_process_telemetry,acme_development,development,matched_vs_intrinsic,True,matched|observed|node2vec|isolation_forest|__none__,intrinsic|observed|node2vec|isolation_forest|__none__,node2vec,isolation_forest,,completed,0.03216176418191652,0.047121718658170775,-0.014959954476254256,-0.0850662377595915,0.041573470768310715,0.23076923076923078,0.3076923076923077,-0.07692307692307693,-0.3333333333333333,0.0,0.14321734745335352,1.0,False,False
acme_process_telemetry,acme_development,development,matched_vs_intrinsic,True,matched|observed|node2vec|hdbscan_rare_cluster|__none__,intrinsic|observed|node2vec|hdbscan_rare_cluster|__none__,node2vec,hdbscan_rare_cluster,,completed,0.02062154421325382,0.021844492141521846,-0.001222947928268027,-0.008956520223439639,0.019313184364390366,0.07692307692307693,0.07692307692307693,0.0,0.0,0.0,0.7049924357034796,1.0,False,False
acme_process_telemetry,acme_development,development,matched_vs_intrinsic,True,matched|observed|graphsage_trained|knn_mean_distance|Process Resource Consumption Profile,intrinsic|observed|graphsage_trained|knn_mean_distance|Process Resource Consumption Profile,graphsage_trained,knn_mean_distance,Process Resource Consumption Profile,completed,0.5199135417626229,0.4581194604891807,0.06179408127344227,-0.03303150390105919,0.18168407268733844,0.9230769230769231,0.9230769230769231,0.0,0.0,0.0,0.405446293494705,1.0,False,False
acme_process_telemetry,acme_development,development,matched_vs_intrinsic,True,matched|observed|graphsage_trained|isolation_forest|Process Resource Consumption Profile,intrinsic|observed|graphsage_trained|isolation_forest|Process Resource Consumption Profile,graphsage_trained,isolation_forest,Process Resource Consumption Profile,completed,0.3766287342293728,0.4163944235235059,-0.0397656892941331,-0.1499184591683501,0.05964664517073563,0.9230769230769231,0.9230769230769231,0.0,0.0,0.0,0.5577407967725668,1.0,False,False
acme_process_telemetry,acme_development,development,matched_vs_intrinsic,True,matched|observed|graphsage_trained|hdbscan_rare_cluster|Process Resource Consumption Profile,intrinsic|observed|graphsage_trained|hdbscan_rare_cluster|Process Resource Consumption Profile,graphsage_trained,hdbscan_rare_cluster,Process Resource Consumption Profile,completed,0.014924258182172728,0.026079425791661094,-0.011155167609488367,-0.06166022265683626,0.018460121841450915,0.0,0.15384615384615385,-0.15384615384615385,-0.4,0.0,0.6858295511850732,1.0,False,False
acme_process_telemetry,acme_development,development,matched_vs_intrinsic,True,matched|observed|graphsage_trained|knn_mean_distance|Local State Modification and Data Access,intrinsic|observed|graphsage_trained|knn_mean_distance|Local State Modification and Data Access,graphsage_trained,knn_mean_distance,Local State Modification and Data Access,completed,0.4045005262133183,0.37307008113946266,0.03143044507385562,-0.05005619984536314,0.0956924243583625,1.0,0.8461538461538461,0.15384615384615385,0.0,0.33333333333333337,0.6646495209278871,1.0,False,False
acme_process_telemetry,acme_development,development,matched_vs_intrinsic,True,matched|observed|graphsage_trained|isolation_forest|Local State Modification and Data Access,intrinsic|observed|graphsage_trained|isolation_forest|Local State Modification and Data Access,graphsage_trained,isolation_forest,Local State Modification and Data Access,completed,0.385869248071537,0.4004351308588517,-0.014565882787314688,-0.11264497886489336,0.10524321256196728,0.8461538461538461,0.8461538461538461,0.0,-0.25,0.0,0.8078668683812406,1.0,False,False
acme_process_telemetry,acme_development,development,matched_vs_intrinsic,True,matched|observed|graphsage_trained|hdbscan_rare_cluster|Local State Modification and Data Access,intrinsic|observed|graphsage_trained|hdbscan_rare_cluster|Local State Modification and Data Access,graphsage_trained,hdbscan_rare_cluster,Local State Modification and Data Access,completed,0.02553983181076795,0.025921553693830923,-0.0003817218830629715,-0.004652942195356121,0.02028660458148021,0.15384615384615385,0.15384615384615385,0.0,0.0,0.0,0.6555723651033787,1.0,False,False
acme_process_telemetry,acme_development,development,matched_vs_intrinsic,True,matched|observed|graphsage_trained|knn_mean_distance|TCP Communication Volume and Directionality,intrinsic|observed|graphsage_trained|knn_mean_distance|TCP Communication Volume and Directionality,graphsage_trained,knn_mean_distance,TCP Communication Volume and Directionality,completed,0.4580281173433959,0.5074894718931257,-0.049461354549729775,-0.11080090524643543,0.00481301298226292,0.7692307692307693,0.7692307692307693,0.0,0.0,0.0,0.2249117498739284,1.0,False,False
acme_process_telemetry,acme_development,development,matched_vs_intrinsic,True,matched|observed|graphsage_trained|isolation_forest|TCP Communication Volume and Directionality,intrinsic|observed|graphsage_trained|isolation_forest|TCP Communication Volume and Directionality,graphsage_trained,isolation_forest,TCP Communication Volume and Directionality,completed,0.40377228877944304,0.4005585847098686,0.003213704069574441,-0.09884143020829618,0.09217338821561394,0.7692307692307693,0.7692307692307693,0.0,-0.13333333333333341,0.0,0.6021180030257186,1.0,False,False
acme_process_telemetry,acme_development,development,matched_vs_intrinsic,True,matched|observed|graphsage_trained|hdbscan_rare_cluster|TCP Communication Volume and Directionality,intrinsic|observed|graphsage_trained|hdbscan_rare_cluster|TCP Communication Volume and Directionality,graphsage_trained,hdbscan_rare_cluster,TCP Communication Volume and Directionality,completed,0.012896918691486434,0.015130175771144281,-0.002233257079657847,-0.005573104370070265,0.022869694369114752,0.0,0.0,0.0,0.0,0.25,0.8966212808875441,1.0,False,False
acme_process_telemetry,acme_development,development,matched_vs_intrinsic,True,matched|observed|dominant_style_trained|dominant_joint_reconstruction|Process Resource Consumption Profile,intrinsic|observed|dominant_style_trained|dominant_joint_reconstruction|Process Resource Consumption Profile,dominant_style_trained,dominant_joint_reconstruction,Process Resource Consumption Profile,completed,0.24647427718026305,0.20389082540680956,0.04258345177345349,-0.036348616980204904,0.12635066017821062,0.38461538461538464,0.5384615384615384,-0.1538461538461538,-0.18518518518518517,0.0,0.5416036308623298,1.0,False,False
acme_process_telemetry,acme_development,development,matched_vs_intrinsic,True,matched|observed|dominant_style_trained|dominant_joint_reconstruction|Local State Modification and Data Access,intrinsic|observed|dominant_style_trained|dominant_joint_reconstruction|Local State Modification and Data Access,dominant_style_trained,dominant_joint_reconstruction,Local State Modification and Data Access,completed,0.0543195221258276,0.0504765678042737,0.003842954321553897,-0.01927294985237384,0.018637296908760283,0.3076923076923077,0.3076923076923077,0.0,0.0,0.3,0.6505295007564297,1.0,False,False
acme_process_telemetry,acme_development,development,matched_vs_intrinsic,True,matched|observed|dominant_style_trained|dominant_joint_reconstruction|TCP Communication Volume and Directionality,intrinsic|observed|dominant_style_trained|dominant_joint_reconstruction|TCP Communication Volume and Directionality,dominant_style_trained,dominant_joint_reconstruction,TCP Communication Volume and Directionality,completed,0.3281890609519205,0.33174029701495805,-0.003551236063037533,-0.03390383881783365,0.06564015106176321,0.46153846153846156,0.46153846153846156,0.0,-0.5,0.0,0.7786182551689359,1.0,False,False
acme_process_telemetry,acme_selection,selection,raw_isolation_forest_vs_raw_knn,True,intrinsic|observed|raw_session|isolation_forest|Process Resource Consumption Profile,intrinsic|observed|raw_session|knn_mean_distance|Process Resource Consumption Profile,raw_session,isolation_forest,Process Resource Consumption Profile,completed,0.012033018335539342,0.025033806626098713,-0.013000788290559371,-0.06674736834444195,-0.007945701491160084,0.3333333333333333,0.6666666666666666,-0.3333333333333333,-0.6666666666666667,-0.3033333333333303,0.0015337423312883436,0.22085889570552147,False,False
acme_process_telemetry,acme_selection,selection,raw_hdbscan_vs_raw_knn,True,intrinsic|observed|raw_session|hdbscan_rare_cluster|Process Resource Consumption Profile,intrinsic|observed|raw_session|knn_mean_distance|Process Resource Consumption Profile,raw_session,hdbscan_rare_cluster,Process Resource Consumption Profile,not_evaluable,,0.025033806626098713,,,,,0.6666666666666666,,,,,,False,False
acme_process_telemetry,acme_selection,selection,graphsage_trained_knn_vs_raw_knn,True,intrinsic|observed|graphsage_trained|knn_mean_distance|Process Resource Consumption Profile,intrinsic|observed|raw_session|knn_mean_distance|Process Resource Consumption Profile,graphsage_trained,knn_mean_distance,Process Resource Consumption Profile,completed,0.038280731264662915,0.025033806626098713,0.013246924638564202,0.006455346807850143,0.08158376043573642,0.6666666666666666,0.6666666666666666,0.0,0.0,0.33333333333333337,0.0015337423312883436,0.22085889570552147,False,False
acme_process_telemetry,acme_selection,selection,graphsage_trained_vs_random,True,intrinsic|observed|graphsage_trained|knn_mean_distance|Process Resource Consumption Profile,intrinsic|observed|graphsage_random|knn_mean_distance|Process Resource Consumption Profile,graphsage_trained,knn_mean_distance,Process Resource Consumption Profile,completed,0.038280731264662915,0.03971294775892477,-0.0014322164942618537,-0.04217315001117815,0.00045024174406714523,0.6666666666666666,0.6666666666666666,0.0,-0.33333333333333337,0.0,0.17024539877300612,1.0,False,False
acme_process_telemetry,acme_selection,selection,dominant_trained_vs_untrained,True,intrinsic|observed|dominant_style_trained|dominant_joint_reconstruction|Process Resource Consumption Profile,intrinsic|observed|dominant_style_untrained|dominant_joint_reconstruction|Process Resource Consumption Profile,dominant_style_trained,dominant_joint_reconstruction,Process Resource Consumption Profile,completed,0.02013039737126291,0.004666971343941511,0.0154634260273214,0.010903497770800909,0.05309802366755381,0.3333333333333333,0.0,0.3333333333333333,0.3333333333333333,0.3333333333333333,0.0015337423312883436,0.22085889570552147,False,False
acme_process_telemetry,acme_selection,selection,graphsage_observed_vs_permuted,True,intrinsic|observed|graphsage_trained|knn_mean_distance|Process Resource Consumption Profile,intrinsic|degree_sequence_preserving_target_permutation|graphsage_trained|knn_mean_distance|Process Resource Consumption Profile,graphsage_trained,knn_mean_distance,Process Resource Consumption Profile,completed,0.038280731264662915,0.041661661661661666,-0.0033809303969987506,-0.022349009423178277,0.009782782370123984,0.6666666666666666,1.0,-0.33333333333333337,-0.33333333333333337,0.0,0.45858895705521474,1.0,False,False
acme_process_telemetry,acme_selection,selection,graphsage_observed_vs_permuted,True,intrinsic|observed|graphsage_trained|isolation_forest|Process Resource Consumption Profile,intrinsic|degree_sequence_preserving_target_permutation|graphsage_trained|isolation_forest|Process Resource Consumption Profile,graphsage_trained,isolation_forest,Process Resource Consumption Profile,completed,0.015205942313500451,0.011715169988551283,0.003490772324949168,0.0013510095081924686,0.01853131489521052,0.6666666666666666,0.0,0.6666666666666666,0.0,0.6666666666666666,0.0015337423312883436,0.22085889570552147,False,False
acme_process_telemetry,acme_selection,selection,graphsage_observed_vs_permuted,True,intrinsic|observed|graphsage_trained|hdbscan_rare_cluster|Process Resource Consumption Profile,intrinsic|degree_sequence_preserving_target_permutation|graphsage_trained|hdbscan_rare_cluster|Process Resource Consumption Profile,graphsage_trained,hdbscan_rare_cluster,Process Resource Consumption Profile,completed,0.0036407766990291263,0.0036407766990291263,0.0,0.0,0.0,0.0,0.0,0.0,0.0,0.0,1.0,1.0,False,False
acme_process_telemetry,acme_selection,selection,raw_isolation_forest_vs_raw_knn,True,intrinsic|observed|raw_session|isolation_forest|Local State Modification and Data Access,intrinsic|observed|raw_session|knn_mean_distance|Local State Modification and Data Access,raw_session,isolation_forest,Local State Modification and Data Access,completed,0.016701607267645004,0.0059314133954288285,0.010770193872216175,0.007799401299750284,0.024461255389094168,0.6666666666666666,0.0,0.6666666666666666,0.0,0.6666666666666666,0.0015337423312883436,0.22085889570552147,False,False
acme_process_telemetry,acme_selection,selection,raw_hdbscan_vs_raw_knn,True,intrinsic|observed|raw_session|hdbscan_rare_cluster|Local State Modification and Data Access,intrinsic|observed|raw_session|knn_mean_distance|Local State Modification and Data Access,raw_session,hdbscan_rare_cluster,Local State Modification and Data Access,not_evaluable,,0.0059314133954288285,,,,,0.0,,,,,,False,False
acme_process_telemetry,acme_selection,selection,graphsage_trained_knn_vs_raw_knn,True,intrinsic|observed|graphsage_trained|knn_mean_distance|Local State Modification and Data Access,intrinsic|observed|raw_session|knn_mean_distance|Local State Modification and Data Access,graphsage_trained,knn_mean_distance,Local State Modification and Data Access,completed,0.0164901400131556,0.0059314133954288285,0.01055872661772677,0.006713035048983956,0.03811497733767686,0.6666666666666666,0.0,0.6666666666666666,0.0,1.0,0.0015337423312883436,0.22085889570552147,False,False
acme_process_telemetry,acme_selection,selection,graphsage_trained_vs_random,True,intrinsic|observed|graphsage_trained|knn_mean_distance|Local State Modification and Data Access,intrinsic|observed|graphsage_random|knn_mean_distance|Local State Modification and Data Access,graphsage_trained,knn_mean_distance,Local State Modification and Data Access,completed,0.0164901400131556,0.015917376181635835,0.0005727638315197632,-0.0007252794382265771,0.0032844493635715492,0.6666666666666666,0.6666666666666666,0.0,-0.33333333333333337,0.6666666666666666,0.2561349693251534,1.0,False,False
acme_process_telemetry,acme_selection,selection,dominant_trained_vs_untrained,True,intrinsic|observed|dominant_style_trained|dominant_joint_reconstruction|Local State Modification and Data Access,intrinsic|observed|dominant_style_untrained|dominant_joint_reconstruction|Local State Modification and Data Access,dominant_style_trained,dominant_joint_reconstruction,Local State Modification and Data Access,completed,0.010264831648567176,0.010194094407839534,7.073724072764222e-05,-0.0003425673139244741,0.0006501541924386202,0.0,0.0,0.0,-0.3333333333333333,0.0,0.6134969325153374,1.0,False,False
acme_process_telemetry,acme_selection,selection,graphsage_observed_vs_permuted,True,intrinsic|observed|graphsage_trained|knn_mean_distance|Local State Modification and Data Access,intrinsic|degree_sequence_preserving_target_permutation|graphsage_trained|knn_mean_distance|Local State Modification and Data Access,graphsage_trained,knn_mean_distance,Local State Modification and Data Access,completed,0.0164901400131556,0.015512483435644,0.000977656577511598,-0.0016007008726995227,0.010353454207579417,0.6666666666666666,0.6666666666666666,0.0,-0.3333333333333333,0.33333333333333337,0.21932515337423314,1.0,False,False
acme_process_telemetry,acme_selection,selection,graphsage_observed_vs_permuted,True,intrinsic|observed|graphsage_trained|isolation_forest|Local State Modification and Data Access,intrinsic|degree_sequence_preserving_target_permutation|graphsage_trained|isolation_forest|Local State Modification and Data Access,graphsage_trained,isolation_forest,Local State Modification and Data Access,completed,0.0415990428630878,0.019632307516111207,0.02196673534697659,0.009513925935837863,0.10794490351769065,0.6666666666666666,0.6666666666666666,0.0,0.0,0.3333333333333333,0.0015337423312883436,0.22085889570552147,False,False
acme_process_telemetry,acme_selection,selection,graphsage_observed_vs_permuted,True,intrinsic|observed|graphsage_trained|hdbscan_rare_cluster|Local State Modification and Data Access,intrinsic|degree_sequence_preserving_target_permutation|graphsage_trained|hdbscan_rare_cluster|Local State Modification and Data Access,graphsage_trained,hdbscan_rare_cluster,Local State Modification and Data Access,completed,0.03084322186263934,0.02633044513835678,0.004512776724282561,-0.04658676215443105,0.046153846153846156,0.6666666666666666,0.6666666666666666,0.0,0.0,0.28750000000000375,0.7638036809815951,1.0,False,False
acme_process_telemetry,acme_selection,selection,raw_isolation_forest_vs_raw_knn,True,intrinsic|observed|raw_session|isolation_forest|TCP Communication Volume and Directionality,intrinsic|observed|raw_session|knn_mean_distance|TCP Communication Volume and Directionality,raw_session,isolation_forest,TCP Communication Volume and Directionality,completed,0.004632395651813128,0.0036407766990291263,0.0009916189527840015,0.0,0.002845278007654232,0.0,0.0,0.0,0.0,0.0,0.7898773006134969,1.0,False,False
acme_process_telemetry,acme_selection,selection,raw_hdbscan_vs_raw_knn,True,intrinsic|observed|raw_session|hdbscan_rare_cluster|TCP Communication Volume and Directionality,intrinsic|observed|raw_session|knn_mean_distance|TCP Communication Volume and Directionality,raw_session,hdbscan_rare_cluster,TCP Communication Volume and Directionality,completed,0.004676795696213172,0.0036407766990291263,0.001036018997184046,0.0,0.002780153287675497,0.0,0.0,0.0,0.0,0.0,0.7898773006134969,1.0,False,False
acme_process_telemetry,acme_selection,selection,graphsage_trained_knn_vs_raw_knn,True,intrinsic|observed|graphsage_trained|knn_mean_distance|TCP Communication Volume and Directionality,intrinsic|observed|raw_session|knn_mean_distance|TCP Communication Volume and Directionality,graphsage_trained,knn_mean_distance,TCP Communication Volume and Directionality,completed,0.011084856775691251,0.0036407766990291263,0.007444080076662125,0.005557434212514956,0.030121747604483044,0.0,0.0,0.0,0.0,0.0,0.0015337423312883436,0.22085889570552147,False,False
acme_process_telemetry,acme_selection,selection,graphsage_trained_vs_random,True,intrinsic|observed|graphsage_trained|knn_mean_distance|TCP Communication Volume and Directionality,intrinsic|observed|graphsage_random|knn_mean_distance|TCP Communication Volume and Directionality,graphsage_trained,knn_mean_distance,TCP Communication Volume and Directionality,completed,0.011084856775691251,0.01180210060807076,-0.0007172438323795084,-0.0018523471262169588,-0.00037238738767391376,0.0,0.0,0.0,0.0,0.0,0.0015337423312883436,0.22085889570552147,False,False
acme_process_telemetry,acme_selection,selection,dominant_trained_vs_untrained,True,intrinsic|observed|dominant_style_trained|dominant_joint_reconstruction|TCP Communication Volume and Directionality,intrinsic|observed|dominant_style_untrained|dominant_joint_reconstruction|TCP Communication Volume and Directionality,dominant_style_trained,dominant_joint_reconstruction,TCP Communication Volume and Directionality,completed,0.01374140732408449,0.010213118632866357,0.003528288691218134,0.0026045587897493565,0.0049644426282402215,0.0,0.0,0.0,-0.3333333333333333,0.0,0.0015337423312883436,0.22085889570552147,False,False
acme_process_telemetry,acme_selection,selection,graphsage_observed_vs_permuted,True,intrinsic|observed|graphsage_trained|knn_mean_distance|TCP Communication Volume and Directionality,intrinsic|degree_sequence_preserving_target_permutation|graphsage_trained|knn_mean_distance|TCP Communication Volume and Directionality,graphsage_trained,knn_mean_distance,TCP Communication Volume and Directionality,completed,0.011084856775691251,0.00594177455928608,0.005143082216405172,0.0037702335805459286,0.018682652291947776,0.0,0.0,0.0,0.0,0.0,0.0015337423312883436,0.22085889570552147,False,False
acme_process_telemetry,acme_selection,selection,graphsage_observed_vs_permuted,True,intrinsic|observed|graphsage_trained|isolation_forest|TCP Communication Volume and Directionality,intrinsic|degree_sequence_preserving_target_permutation|graphsage_trained|isolation_forest|TCP Communication Volume and Directionality,graphsage_trained,isolation_forest,TCP Communication Volume and Directionality,completed,0.015594798805130908,0.005758756611392941,0.009836042193737966,0.0073474123749980155,0.029346561218810765,0.0,0.0,0.0,0.0,0.6666666666666666,0.0015337423312883436,0.22085889570552147,False,False
acme_process_telemetry,acme_selection,selection,graphsage_observed_vs_permuted,True,intrinsic|observed|graphsage_trained|hdbscan_rare_cluster|TCP Communication Volume and Directionality,intrinsic|degree_sequence_preserving_target_permutation|graphsage_trained|hdbscan_rare_cluster|TCP Communication Volume and Directionality,graphsage_trained,hdbscan_rare_cluster,TCP Communication Volume and Directionality,not_evaluable,,,,,,,,,,,,,False,False
acme_process_telemetry,acme_selection,selection,node2vec_observed_vs_permuted,True,intrinsic|observed|node2vec|knn_mean_distance|__none__,intrinsic|degree_sequence_preserving_target_permutation|node2vec|knn_mean_distance|__none__,node2vec,knn_mean_distance,,completed,0.022121370202679323,0.016432954540315906,0.005688415662363416,0.0001989909361092419,0.016130850311907405,0.3333333333333333,0.3333333333333333,0.0,-0.33333333333333337,0.3333333333333333,0.04754601226993865,1.0,False,False
acme_process_telemetry,acme_selection,selection,node2vec_observed_vs_permuted,True,intrinsic|observed|node2vec|isolation_forest|__none__,intrinsic|degree_sequence_preserving_target_permutation|node2vec|isolation_forest|__none__,node2vec,isolation_forest,,completed,0.013042102966113288,0.020263961440432028,-0.00722185847431874,-0.036038857404186456,-0.002636282181901745,0.0,0.3333333333333333,-0.3333333333333333,-0.3333333333333333,0.3333333333333333,0.0015337423312883436,0.22085889570552147,False,False
acme_process_telemetry,acme_selection,selection,node2vec_observed_vs_permuted,True,intrinsic|observed|node2vec|hdbscan_rare_cluster|__none__,intrinsic|degree_sequence_preserving_target_permutation|node2vec|hdbscan_rare_cluster|__none__,node2vec,hdbscan_rare_cluster,,completed,0.0036407766990291263,0.0036407766990291263,0.0,0.0,0.0,0.0,0.0,0.0,0.0,0.0,1.0,1.0,False,False
acme_process_telemetry,acme_selection,selection,matched_vs_intrinsic,True,matched|observed|raw_session|knn_mean_distance|Process Resource Consumption Profile,intrinsic|observed|raw_session|knn_mean_distance|Process Resource Consumption Profile,raw_session,knn_mean_distance,Process Resource Consumption Profile,completed,0.015546099290780142,0.025033806626098713,-0.009487707335318571,-0.05865233726194326,-0.005651797677363644,0.3333333333333333,0.6666666666666666,-0.3333333333333333,-0.6666666666666666,0.0,0.0015337423312883436,0.22085889570552147,False,False
acme_process_telemetry,acme_selection,selection,matched_vs_intrinsic,True,matched|observed|raw_session|isolation_forest|Process Resource Consumption Profile,intrinsic|observed|raw_session|isolation_forest|Process Resource Consumption Profile,raw_session,isolation_forest,Process Resource Consumption Profile,completed,0.010017859420844495,0.012033018335539342,-0.002015158914694847,-0.01283738081889511,-0.001106784269636445,0.0,0.3333333333333333,-0.3333333333333333,-0.3333333333333333,0.0,0.0015337423312883436,0.22085889570552147,False,False
acme_process_telemetry,acme_selection,selection,matched_vs_intrinsic,True,matched|observed|raw_session|knn_mean_distance|Local State Modification and Data Access,intrinsic|observed|raw_session|knn_mean_distance|Local State Modification and Data Access,raw_session,knn_mean_distance,Local State Modification and Data Access,completed,0.006486436525009332,0.0059314133954288285,0.0005550231295805034,0.00031668838716869183,0.0015203642375982026,0.0,0.0,0.0,0.0,0.3333333333333333,0.0015337423312883436,0.22085889570552147,False,False
acme_process_telemetry,acme_selection,selection,matched_vs_intrinsic,True,matched|observed|raw_session|isolation_forest|Local State Modification and Data Access,intrinsic|observed|raw_session|isolation_forest|Local State Modification and Data Access,raw_session,isolation_forest,Local State Modification and Data Access,completed,0.018478891649623356,0.016701607267645004,0.0017772843819783522,0.0012159612836962596,0.007677422467984958,0.6666666666666666,0.6666666666666666,0.0,0.0,0.3333333333333333,0.0015337423312883436,0.22085889570552147,False,False
acme_process_telemetry,acme_selection,selection,matched_vs_intrinsic,True,matched|observed|raw_session|knn_mean_distance|TCP Communication Volume and Directionality,intrinsic|observed|raw_session|knn_mean_distance|TCP Communication Volume and Directionality,raw_session,knn_mean_distance,TCP Communication Volume and Directionality,completed,0.0036407766990291263,0.0036407766990291263,0.0,0.0,0.0,0.0,0.0,0.0,0.0,0.0,1.0,1.0,False,False
acme_process_telemetry,acme_selection,selection,matched_vs_intrinsic,True,matched|observed|raw_session|isolation_forest|TCP Communication Volume and Directionality,intrinsic|observed|raw_session|isolation_forest|TCP Communication Volume and Directionality,raw_session,isolation_forest,TCP Communication Volume and Directionality,completed,0.0038407119979730134,0.004632395651813128,-0.0007916836538401145,-0.0019020543929537744,0.0,0.0,0.0,0.0,0.0,0.0,0.7898773006134969,1.0,False,False
acme_process_telemetry,acme_selection,selection,matched_vs_intrinsic,True,matched|observed|raw_session|hdbscan_rare_cluster|TCP Communication Volume and Directionality,intrinsic|observed|raw_session|hdbscan_rare_cluster|TCP Communication Volume and Directionality,raw_session,hdbscan_rare_cluster,TCP Communication Volume and Directionality,completed,0.0034114088498154614,0.004676795696213172,-0.0012653868463977109,-0.003079137446094349,0.0,0.0,0.0,0.0,0.0,0.0,0.7898773006134969,1.0,False,False
acme_process_telemetry,acme_selection,selection,matched_vs_intrinsic,True,matched|observed|typed_structural_stats|knn_mean_distance|__none__,intrinsic|observed|typed_structural_stats|knn_mean_distance|__none__,typed_structural_stats,knn_mean_distance,,completed,0.015397989396130275,0.013446008135150381,0.0019519812609798941,0.0,0.005047426397300411,0.6666666666666666,0.0,0.6666666666666666,0.0,0.6666666666666666,0.7162576687116564,1.0,False,False
acme_process_telemetry,acme_selection,selection,matched_vs_intrinsic,True,matched|observed|typed_structural_stats|isolation_forest|__none__,intrinsic|observed|typed_structural_stats|isolation_forest|__none__,typed_structural_stats,isolation_forest,,completed,0.018529609549027024,0.016539262731094,0.001990346817933024,0.0,0.00531253696483845,0.6666666666666666,0.6666666666666666,0.0,0.0,0.6666666666666666,0.7162576687116564,1.0,False,False
acme_process_telemetry,acme_selection,selection,matched_vs_intrinsic,True,matched|observed|typed_structural_stats|hdbscan_rare_cluster|__none__,intrinsic|observed|typed_structural_stats|hdbscan_rare_cluster|__none__,typed_structural_stats,hdbscan_rare_cluster,,completed,0.019732110751528226,0.025904950257701065,-0.006172839506172839,-0.015634430457398717,0.0,0.6666666666666666,0.6666666666666666,0.0,-0.6666666666666666,0.0,0.7177914110429447,1.0,False,False
acme_process_telemetry,acme_selection,selection,matched_vs_intrinsic,True,matched|observed|node2vec|knn_mean_distance|__none__,intrinsic|observed|node2vec|knn_mean_distance|__none__,node2vec,knn_mean_distance,,completed,0.013683704293722478,0.022121370202679323,-0.008437665908956844,-0.020390026026389216,-0.005938275140345626,0.3333333333333333,0.3333333333333333,0.0,-0.3333333333333333,0.0,0.0015337423312883436,0.22085889570552147,False,False
acme_process_telemetry,acme_selection,selection,matched_vs_intrinsic,True,matched|observed|node2vec|isolation_forest|__none__,intrinsic|observed|node2vec|isolation_forest|__none__,node2vec,isolation_forest,,completed,0.006520605112154408,0.013042102966113288,-0.00652149785395888,-0.025815093764282312,-0.003780286935243329,0.0,0.0,0.0,-0.6666666666666666,0.0,0.0015337423312883436,0.22085889570552147,False,False
acme_process_telemetry,acme_selection,selection,matched_vs_intrinsic,True,matched|observed|node2vec|hdbscan_rare_cluster|__none__,intrinsic|observed|node2vec|hdbscan_rare_cluster|__none__,node2vec,hdbscan_rare_cluster,,completed,0.0036407766990291263,0.0036407766990291263,0.0,0.0,0.0,0.0,0.0,0.0,0.0,0.0,1.0,1.0,False,False
acme_process_telemetry,acme_selection,selection,matched_vs_intrinsic,True,matched|observed|graphsage_trained|knn_mean_distance|Process Resource Consumption Profile,intrinsic|observed|graphsage_trained|knn_mean_distance|Process Resource Consumption Profile,graphsage_trained,knn_mean_distance,Process Resource Consumption Profile,completed,0.03416006805837314,0.038280731264662915,-0.0041206632062897736,-0.025318647830202594,0.024422673218469387,0.6666666666666666,0.6666666666666666,0.0,-0.33333333333333337,0.0,0.23466257668711657,1.0,False,False
acme_process_telemetry,acme_selection,selection,matched_vs_intrinsic,True,matched|observed|graphsage_trained|isolation_forest|Process Resource Consumption Profile,intrinsic|observed|graphsage_trained|isolation_forest|Process Resource Consumption Profile,graphsage_trained,isolation_forest,Process Resource Consumption Profile,completed,0.012803429592825764,0.015205942313500451,-0.0024025127206746873,-0.012567645609097507,-0.0012998005292882138,0.6666666666666666,0.6666666666666666,0.0,-0.3333333333333333,0.0,0.0015337423312883436,0.22085889570552147,False,False
acme_process_telemetry,acme_selection,selection,matched_vs_intrinsic,True,matched|observed|graphsage_trained|hdbscan_rare_cluster|Process Resource Consumption Profile,intrinsic|observed|graphsage_trained|hdbscan_rare_cluster|Process Resource Consumption Profile,graphsage_trained,hdbscan_rare_cluster,Process Resource Consumption Profile,completed,0.0033608912820791747,0.0036407766990291263,-0.0002798854169499517,-0.0007558675027680642,0.002525252525252525,0.0,0.0,0.0,0.0,0.0,0.7898773006134969,1.0,False,False
acme_process_telemetry,acme_selection,selection,matched_vs_intrinsic,True,matched|observed|graphsage_trained|knn_mean_distance|Local State Modification and Data Access,intrinsic|observed|graphsage_trained|knn_mean_distance|Local State Modification and Data Access,graphsage_trained,knn_mean_distance,Local State Modification and Data Access,completed,0.01621771789996089,0.0164901400131556,-0.0002724221131947084,-0.001691762343936254,0.002634620096729796,0.6666666666666666,0.6666666666666666,0.0,-0.33333333333333337,0.6666666666666666,0.5598159509202454,1.0,False,False
acme_process_telemetry,acme_selection,selection,matched_vs_intrinsic,True,matched|observed|graphsage_trained|isolation_forest|Local State Modification and Data Access,intrinsic|observed|graphsage_trained|isolation_forest|Local State Modification and Data Access,graphsage_trained,isolation_forest,Local State Modification and Data Access,completed,0.04976136210801045,0.0415990428630878,0.008162319244922653,0.004411013796759832,0.032117695578020605,0.6666666666666666,0.6666666666666666,0.0,0.0,0.0,0.0015337423312883436,0.22085889570552147,False,False
acme_process_telemetry,acme_selection,selection,matched_vs_intrinsic,True,matched|observed|graphsage_trained|hdbscan_rare_cluster|Local State Modification and Data Access,intrinsic|observed|graphsage_trained|hdbscan_rare_cluster|Local State Modification and Data Access,graphsage_trained,hdbscan_rare_cluster,Local State Modification and Data Access,completed,0.039596739596739594,0.03084322186263934,0.008753517734100255,-0.02514522881318149,0.054716573379365696,0.6666666666666666,0.6666666666666666,0.0,0.0,0.0,0.4662576687116564,1.0,False,False
acme_process_telemetry,acme_selection,selection,matched_vs_intrinsic,True,matched|observed|graphsage_trained|knn_mean_distance|TCP Communication Volume and Directionality,intrinsic|observed|graphsage_trained|knn_mean_distance|TCP Communication Volume and Directionality,graphsage_trained,knn_mean_distance,TCP Communication Volume and Directionality,completed,0.009511474980149094,0.011084856775691251,-0.0015733817955421569,-0.005988827362454982,-0.0009909628305821334,0.0,0.0,0.0,0.0,0.0,0.0015337423312883436,0.22085889570552147,False,False
acme_process_telemetry,acme_selection,selection,matched_vs_intrinsic,True,matched|observed|graphsage_trained|isolation_forest|TCP Communication Volume and Directionality,intrinsic|observed|graphsage_trained|isolation_forest|TCP Communication Volume and Directionality,graphsage_trained,isolation_forest,TCP Communication Volume and Directionality,completed,0.011995074407836122,0.015594798805130908,-0.003599724397294786,-0.009310535142871513,-0.0026097826924778335,0.0,0.0,0.0,-0.6666666666666666,0.0,0.0015337423312883436,0.22085889570552147,False,False
acme_process_telemetry,acme_selection,selection,matched_vs_intrinsic,True,matched|observed|dominant_style_trained|dominant_joint_reconstruction|Process Resource Consumption Profile,intrinsic|observed|dominant_style_trained|dominant_joint_reconstruction|Process Resource Consumption Profile,dominant_style_trained,dominant_joint_reconstruction,Process Resource Consumption Profile,completed,0.021880797031919655,0.02013039737126291,0.0017503996606567443,-0.004096944369117659,0.0043305590735575,0.6666666666666666,0.3333333333333333,0.3333333333333333,0.0,0.3333333333333333,0.35429447852760737,1.0,False,False
acme_process_telemetry,acme_selection,selection,matched_vs_intrinsic,True,matched|observed|dominant_style_trained|dominant_joint_reconstruction|Local State Modification and Data Access,intrinsic|observed|dominant_style_trained|dominant_joint_reconstruction|Local State Modification and Data Access,dominant_style_trained,dominant_joint_reconstruction,Local State Modification and Data Access,completed,0.010327582060245052,0.010264831648567176,6.275041167787612e-05,-0.0004011583789205707,0.0005130482926901382,0.0,0.0,0.0,0.0,0.3333333333333333,0.9309815950920245,1.0,False,False
acme_process_telemetry,acme_selection,selection,matched_vs_intrinsic,True,matched|observed|dominant_style_trained|dominant_joint_reconstruction|TCP Communication Volume and Directionality,intrinsic|observed|dominant_style_trained|dominant_joint_reconstruction|TCP Communication Volume and Directionality,dominant_style_trained,dominant_joint_reconstruction,TCP Communication Volume and Directionality,completed,0.009939524172197442,0.01374140732408449,-0.0038018831518870488,-0.0071457734905030134,-0.002487307986895463,0.0,0.0,0.0,-0.6666666666666666,0.0,0.0015337423312883436,0.22085889570552147,False,False
acme_process_telemetry,acme_selection,selection,candidate_vs_random,True,intrinsic|observed|dominant_style_trained|dominant_joint_reconstruction|Local State Modification and Data Access,intrinsic|observed|random_score|random|__none__,dominant_style_trained,dominant_joint_reconstruction,Local State Modification and Data Access,completed,0.010264831648567176,0.003886219169855702,0.006378612478711474,0.004166783198804113,0.01644140359801876,0.0,0.0,0.0,0.0,0.6666666666666666,0.0015337423312883436,0.22085889570552147,False,False
acme_process_telemetry,acme_selection,selection,candidate_vs_random,True,intrinsic|observed|dominant_style_trained|dominant_joint_reconstruction|Process Resource Consumption Profile,intrinsic|observed|random_score|random|__none__,dominant_style_trained,dominant_joint_reconstruction,Process Resource Consumption Profile,completed,0.02013039737126291,0.003886219169855702,0.01624417820140721,0.011323953619946012,0.05653310698413704,0.3333333333333333,0.0,0.3333333333333333,0.3333333333333333,0.3333333333333333,0.0015337423312883436,0.22085889570552147,False,False
acme_process_telemetry,acme_selection,selection,candidate_vs_random,True,intrinsic|observed|dominant_style_trained|dominant_joint_reconstruction|TCP Communication Volume and Directionality,intrinsic|observed|random_score|random|__none__,dominant_style_trained,dominant_joint_reconstruction,TCP Communication Volume and Directionality,completed,0.01374140732408449,0.003886219169855702,0.009855188154228789,0.007468532993274014,0.020525956725855537,0.0,0.0,0.0,0.0,0.6666666666666666,0.0015337423312883436,0.22085889570552147,False,False
acme_process_telemetry,acme_selection,selection,candidate_vs_random,True,intrinsic|observed|graphsage_trained|hdbscan_rare_cluster|Local State Modification and Data Access,intrinsic|observed|random_score|random|__none__,graphsage_trained,hdbscan_rare_cluster,Local State Modification and Data Access,completed,0.03084322186263934,0.003886219169855702,0.026957002692783637,-0.008489272279005323,0.059463077613372904,0.6666666666666666,0.0,0.6666666666666666,0.6666666666666666,0.6666666666666666,0.7423312883435583,1.0,False,False
acme_process_telemetry,acme_selection,selection,candidate_vs_random,True,intrinsic|observed|graphsage_trained|hdbscan_rare_cluster|Process Resource Consumption Profile,intrinsic|observed|random_score|random|__none__,graphsage_trained,hdbscan_rare_cluster,Process Resource Consumption Profile,completed,0.0036407766990291263,0.003886219169855702,-0.0002454424708265759,-0.010306159753995101,-0.00016308181497928973,0.0,0.0,0.0,0.0,0.0,0.0015337423312883436,0.22085889570552147,False,False
acme_process_telemetry,acme_selection,selection,candidate_vs_random,True,intrinsic|observed|graphsage_trained|hdbscan_rare_cluster|TCP Communication Volume and Directionality,intrinsic|observed|random_score|random|__none__,graphsage_trained,hdbscan_rare_cluster,TCP Communication Volume and Directionality,not_evaluable,,0.003886219169855702,,,,,0.0,,,,,,False,False
acme_process_telemetry,acme_selection,selection,candidate_vs_random,True,intrinsic|observed|graphsage_trained|isolation_forest|Local State Modification and Data Access,intrinsic|observed|random_score|random|__none__,graphsage_trained,isolation_forest,Local State Modification and Data Access,completed,0.0415990428630878,0.003886219169855702,0.037712823693232096,0.02158089345109074,0.1494202844178473,0.6666666666666666,0.0,0.6666666666666666,0.6666666666666666,0.6666666666666666,0.0015337423312883436,0.22085889570552147,False,False
acme_process_telemetry,acme_selection,selection,candidate_vs_random,True,intrinsic|observed|graphsage_trained|isolation_forest|Process Resource Consumption Profile,intrinsic|observed|random_score|random|__none__,graphsage_trained,isolation_forest,Process Resource Consumption Profile,completed,0.015205942313500451,0.003886219169855702,0.01131972314364475,0.007253154463728562,0.054417230661578914,0.6666666666666666,0.0,0.6666666666666666,0.0,0.6666666666666666,0.0015337423312883436,0.22085889570552147,False,False
acme_process_telemetry,acme_selection,selection,candidate_vs_random,True,intrinsic|observed|graphsage_trained|isolation_forest|TCP Communication Volume and Directionality,intrinsic|observed|random_score|random|__none__,graphsage_trained,isolation_forest,TCP Communication Volume and Directionality,completed,0.015594798805130908,0.003886219169855702,0.011708579635275206,0.008772031084503624,0.03200315934699097,0.0,0.0,0.0,0.0,0.6666666666666666,0.0015337423312883436,0.22085889570552147,False,False
acme_process_telemetry,acme_selection,selection,candidate_vs_random,True,intrinsic|observed|graphsage_trained|knn_mean_distance|Local State Modification and Data Access,intrinsic|observed|random_score|random|__none__,graphsage_trained,knn_mean_distance,Local State Modification and Data Access,completed,0.0164901400131556,0.003886219169855702,0.012603920843299896,0.007906158435290933,0.04661525837205895,0.6666666666666666,0.0,0.6666666666666666,0.0,1.0,0.0015337423312883436,0.22085889570552147,False,False
acme_process_telemetry,acme_selection,selection,candidate_vs_random,True,intrinsic|observed|graphsage_trained|knn_mean_distance|Process Resource Consumption Profile,intrinsic|observed|random_score|random|__none__,graphsage_trained,knn_mean_distance,Process Resource Consumption Profile,completed,0.038280731264662915,0.003886219169855702,0.03439451209480721,0.02051102316887631,0.17524151913593586,0.6666666666666666,0.0,0.6666666666666666,0.6666666666666666,1.0,0.0015337423312883436,0.22085889570552147,False,False
acme_process_telemetry,acme_selection,selection,candidate_vs_random,True,intrinsic|observed|graphsage_trained|knn_mean_distance|TCP Communication Volume and Directionality,intrinsic|observed|random_score|random|__none__,graphsage_trained,knn_mean_distance,TCP Communication Volume and Directionality,completed,0.011084856775691251,0.003886219169855702,0.007198637605835549,0.005281289276203627,0.021873937163681325,0.0,0.0,0.0,0.0,0.0,0.0015337423312883436,0.22085889570552147,False,False
acme_process_telemetry,acme_selection,selection,candidate_vs_random,True,intrinsic|observed|node2vec|hdbscan_rare_cluster|__none__,intrinsic|observed|random_score|random|__none__,node2vec,hdbscan_rare_cluster,,completed,0.0036407766990291263,0.003886219169855702,-0.0002454424708265759,-0.010306159753995101,-0.00016308181497928973,0.0,0.0,0.0,0.0,0.0,0.0015337423312883436,0.22085889570552147,False,False
acme_process_telemetry,acme_selection,selection,candidate_vs_random,True,intrinsic|observed|node2vec|isolation_forest|__none__,intrinsic|observed|random_score|random|__none__,node2vec,isolation_forest,,completed,0.013042102966113288,0.003886219169855702,0.009155883796257586,0.0054491681998611865,0.03769997314859622,0.0,0.0,0.0,0.0,0.6666666666666666,0.0015337423312883436,0.22085889570552147,False,False
acme_process_telemetry,acme_selection,selection,candidate_vs_random,True,intrinsic|observed|node2vec|knn_mean_distance|__none__,intrinsic|observed|random_score|random|__none__,node2vec,knn_mean_distance,,completed,0.022121370202679323,0.003886219169855702,0.01823515103282362,0.01292012739849151,0.04766241648489795,0.3333333333333333,0.0,0.3333333333333333,0.3333333333333333,0.6666666666666666,0.0015337423312883436,0.22085889570552147,False,False
acme_process_telemetry,acme_selection,selection,candidate_vs_random,True,intrinsic|observed|raw_session|hdbscan_rare_cluster|Local State Modification and Data Access,intrinsic|observed|random_score|random|__none__,raw_session,hdbscan_rare_cluster,Local State Modification and Data Access,not_evaluable,,0.003886219169855702,,,,,0.0,,,,,,False,False
acme_process_telemetry,acme_selection,selection,candidate_vs_random,True,intrinsic|observed|raw_session|hdbscan_rare_cluster|Process Resource Consumption Profile,intrinsic|observed|random_score|random|__none__,raw_session,hdbscan_rare_cluster,Process Resource Consumption Profile,not_evaluable,,0.003886219169855702,,,,,0.0,,,,,,False,False
acme_process_telemetry,acme_selection,selection,candidate_vs_random,True,intrinsic|observed|raw_session|hdbscan_rare_cluster|TCP Communication Volume and Directionality,intrinsic|observed|random_score|random|__none__,raw_session,hdbscan_rare_cluster,TCP Communication Volume and Directionality,completed,0.004676795696213172,0.003886219169855702,0.0007905765263574701,-0.010306159753995101,0.0023447265078801573,0.0,0.0,0.0,0.0,0.0,0.7898773006134969,1.0,False,False
acme_process_telemetry,acme_selection,selection,candidate_vs_random,True,intrinsic|observed|raw_session|isolation_forest|Local State Modification and Data Access,intrinsic|observed|random_score|random|__none__,raw_session,isolation_forest,Local State Modification and Data Access,completed,0.016701607267645004,0.003886219169855702,0.012815388097789301,0.009033851666919541,0.03166820510289438,0.6666666666666666,0.0,0.6666666666666666,0.0,0.6666666666666666,0.0015337423312883436,0.22085889570552147,False,False
acme_process_telemetry,acme_selection,selection,candidate_vs_random,True,intrinsic|observed|raw_session|isolation_forest|Process Resource Consumption Profile,intrinsic|observed|random_score|random|__none__,raw_session,isolation_forest,Process Resource Consumption Profile,completed,0.012033018335539342,0.003886219169855702,0.00814679916568364,0.00503885397813727,0.03745634035933881,0.3333333333333333,0.0,0.3333333333333333,0.0,0.6666666666666666,0.0015337423312883436,0.22085889570552147,False,False
acme_process_telemetry,acme_selection,selection,candidate_vs_random,True,intrinsic|observed|raw_session|isolation_forest|TCP Communication Volume and Directionality,intrinsic|observed|random_score|random|__none__,raw_session,isolation_forest,TCP Communication Volume and Directionality,completed,0.004632395651813128,0.003886219169855702,0.0007461764819574257,-0.010306159753995101,0.002443041380943439,0.0,0.0,0.0,0.0,0.0,0.7898773006134969,1.0,False,False
acme_process_telemetry,acme_selection,selection,candidate_vs_random,True,intrinsic|observed|raw_session|knn_mean_distance|Local State Modification and Data Access,intrinsic|observed|random_score|random|__none__,raw_session,knn_mean_distance,Local State Modification and Data Access,completed,0.0059314133954288285,0.003886219169855702,0.0020451942255731263,0.0011680453781405104,0.008529335687270663,0.0,0.0,0.0,0.0,0.0,0.0015337423312883436,0.22085889570552147,False,False
acme_process_telemetry,acme_selection,selection,candidate_vs_random,True,intrinsic|observed|raw_session|knn_mean_distance|Process Resource Consumption Profile,intrinsic|observed|random_score|random|__none__,raw_session,knn_mean_distance,Process Resource Consumption Profile,completed,0.025033806626098713,0.003886219169855702,0.02114758745624301,0.013362991198815621,0.10050059339688631,0.6666666666666666,0.0,0.6666666666666666,0.3333333333333333,1.0,0.0015337423312883436,0.22085889570552147,False,False
acme_process_telemetry,acme_selection,selection,candidate_vs_random,True,intrinsic|observed|raw_session|knn_mean_distance|TCP Communication Volume and Directionality,intrinsic|observed|random_score|random|__none__,raw_session,knn_mean_distance,TCP Communication Volume and Directionality,completed,0.0036407766990291263,0.003886219169855702,-0.0002454424708265759,-0.010306159753995101,-0.00016308181497928973,0.0,0.0,0.0,0.0,0.0,0.0015337423312883436,0.22085889570552147,False,False
acme_process_telemetry,acme_selection,selection,candidate_vs_random,True,intrinsic|observed|typed_structural_stats|hdbscan_rare_cluster|__none__,intrinsic|observed|random_score|random|__none__,typed_structural_stats,hdbscan_rare_cluster,,completed,0.025904950257701065,0.003886219169855702,0.022018731087845363,-0.00825766310269032,0.05059004531887465,0.6666666666666666,0.0,0.6666666666666666,0.6666666666666666,0.6666666666666666,0.7162576687116564,1.0,False,False
acme_process_telemetry,acme_selection,selection,candidate_vs_random,True,intrinsic|observed|typed_structural_stats|isolation_forest|__none__,intrinsic|observed|random_score|random|__none__,typed_structural_stats,isolation_forest,,completed,0.016539262731094,0.003886219169855702,0.012653043561238298,-0.00825766310269032,0.031256134432396845,0.6666666666666666,0.0,0.6666666666666666,0.0,0.6666666666666666,0.7162576687116564,1.0,False,False
acme_process_telemetry,acme_selection,selection,candidate_vs_random,True,intrinsic|observed|typed_structural_stats|knn_mean_distance|__none__,intrinsic|observed|random_score|random|__none__,typed_structural_stats,knn_mean_distance,,completed,0.013446008135150381,0.003886219169855702,0.009559788965294679,-0.00825766310269032,0.027073590628427284,0.0,0.0,0.0,0.0,0.6666666666666666,0.7162576687116564,1.0,False,False
acme_process_telemetry,acme_selection,selection,candidate_vs_random,True,matched|observed|dominant_style_trained|dominant_joint_reconstruction|Local State Modification and Data Access,intrinsic|observed|random_score|random|__none__,dominant_style_trained,dominant_joint_reconstruction,Local State Modification and Data Access,completed,0.010327582060245052,0.003886219169855702,0.00644136289038935,0.004192412133182369,0.01639248028969568,0.0,0.0,0.0,0.0,0.6666666666666666,0.0015337423312883436,0.22085889570552147,False,False
acme_process_telemetry,acme_selection,selection,candidate_vs_random,True,matched|observed|dominant_style_trained|dominant_joint_reconstruction|Process Resource Consumption Profile,intrinsic|observed|random_score|random|__none__,dominant_style_trained,dominant_joint_reconstruction,Process Resource Consumption Profile,completed,0.021880797031919655,0.003886219169855702,0.017994577862063953,0.01273956420570039,0.05388964250144791,0.6666666666666666,0.0,0.6666666666666666,0.3333333333333333,0.6666666666666666,0.0015337423312883436,0.22085889570552147,False,False
acme_process_telemetry,acme_selection,selection,candidate_vs_random,True,matched|observed|dominant_style_trained|dominant_joint_reconstruction|TCP Communication Volume and Directionality,intrinsic|observed|random_score|random|__none__,dominant_style_trained,dominant_joint_reconstruction,TCP Communication Volume and Directionality,completed,0.009939524172197442,0.003886219169855702,0.00605330500234174,0.0045763548478231445,0.013977293340294078,0.0,0.0,0.0,0.0,0.0,0.0015337423312883436,0.22085889570552147,False,False
acme_process_telemetry,acme_selection,selection,candidate_vs_random,True,matched|observed|graphsage_trained|hdbscan_rare_cluster|Local State Modification and Data Access,intrinsic|observed|random_score|random|__none__,graphsage_trained,hdbscan_rare_cluster,Local State Modification and Data Access,completed,0.039596739596739594,0.003886219169855702,0.03571052042688389,-0.0030709799561162146,0.06570356406585971,0.6666666666666666,0.0,0.6666666666666666,0.6666666666666666,0.6666666666666666,0.25153374233128833,1.0,False,False
acme_process_telemetry,acme_selection,selection,candidate_vs_random,True,matched|observed|graphsage_trained|hdbscan_rare_cluster|Process Resource Consumption Profile,intrinsic|observed|random_score|random|__none__,graphsage_trained,hdbscan_rare_cluster,Process Resource Consumption Profile,completed,0.0033608912820791747,0.003886219169855702,-0.0005253278877765276,-0.007906601354379645,-0.00034057520061153576,0.0,0.0,0.0,0.0,0.0,0.0015337423312883436,0.22085889570552147,False,False
acme_process_telemetry,acme_selection,selection,candidate_vs_random,True,matched|observed|graphsage_trained|isolation_forest|Local State Modification and Data Access,intrinsic|observed|random_score|random|__none__,graphsage_trained,isolation_forest,Local State Modification and Data Access,completed,0.04976136210801045,0.003886219169855702,0.04587514293815475,0.0305262514963987,0.1764158254688472,0.6666666666666666,0.0,0.6666666666666666,0.6666666666666666,0.6666666666666666,0.0015337423312883436,0.22085889570552147,False,False
acme_process_telemetry,acme_selection,selection,candidate_vs_random,True,matched|observed|graphsage_trained|isolation_forest|Process Resource Consumption Profile,intrinsic|observed|random_score|random|__none__,graphsage_trained,isolation_forest,Process Resource Consumption Profile,completed,0.012803429592825764,0.003886219169855702,0.008917210422970062,0.005549169445952929,0.041776798215978225,0.6666666666666666,0.0,0.6666666666666666,0.0,0.6666666666666666,0.0015337423312883436,0.22085889570552147,False,False
acme_process_telemetry,acme_selection,selection,candidate_vs_random,True,matched|observed|graphsage_trained|isolation_forest|TCP Communication Volume and Directionality,intrinsic|observed|random_score|random|__none__,graphsage_trained,isolation_forest,TCP Communication Volume and Directionality,completed,0.011995074407836122,0.003886219169855702,0.00810885523798042,0.006044011686292752,0.02265808119152149,0.0,0.0,0.0,0.0,0.6666666666666666,0.0015337423312883436,0.22085889570552147,False,False
acme_process_telemetry,acme_selection,selection,candidate_vs_random,True,matched|observed|graphsage_trained|knn_mean_distance|Local State Modification and Data Access,intrinsic|observed|random_score|random|__none__,graphsage_trained,knn_mean_distance,Local State Modification and Data Access,completed,0.01621771789996089,0.003886219169855702,0.012331498730105188,0.007530784460501807,0.046299096552248224,0.6666666666666666,0.0,0.6666666666666666,0.0,0.6666666666666666,0.0015337423312883436,0.22085889570552147,False,False
acme_process_telemetry,acme_selection,selection,candidate_vs_random,True,matched|observed|graphsage_trained|knn_mean_distance|Process Resource Consumption Profile,intrinsic|observed|random_score|random|__none__,graphsage_trained,knn_mean_distance,Process Resource Consumption Profile,completed,0.03416006805837314,0.003886219169855702,0.03027384888851744,0.016387279516152615,0.16465021511671615,0.6666666666666666,0.0,0.6666666666666666,0.6666666666666666,0.6666666666666666,0.0015337423312883436,0.22085889570552147,False,False
acme_process_telemetry,acme_selection,selection,candidate_vs_random,True,matched|observed|graphsage_trained|knn_mean_distance|TCP Communication Volume and Directionality,intrinsic|observed|random_score|random|__none__,graphsage_trained,knn_mean_distance,TCP Communication Volume and Directionality,completed,0.009511474980149094,0.003886219169855702,0.005625255810293392,0.004076342685506409,0.016031558923277792,0.0,0.0,0.0,0.0,0.0,0.0015337423312883436,0.22085889570552147,False,False
acme_process_telemetry,acme_selection,selection,candidate_vs_random,True,matched|observed|node2vec|hdbscan_rare_cluster|__none__,intrinsic|observed|random_score|random|__none__,node2vec,hdbscan_rare_cluster,,completed,0.0036407766990291263,0.003886219169855702,-0.0002454424708265759,-0.010306159753995101,-0.00016308181497928973,0.0,0.0,0.0,0.0,0.0,0.0015337423312883436,0.22085889570552147,False,False
acme_process_telemetry,acme_selection,selection,candidate_vs_random,True,matched|observed|node2vec|isolation_forest|__none__,intrinsic|observed|random_score|random|__none__,node2vec,isolation_forest,,completed,0.006520605112154408,0.003886219169855702,0.0026343859422987056,0.0015605424670169482,0.011594278119644095,0.0,0.0,0.0,0.0,0.3333333333333333,0.0015337423312883436,0.22085889570552147,False,False
acme_process_telemetry,acme_selection,selection,candidate_vs_random,True,matched|observed|node2vec|knn_mean_distance|__none__,intrinsic|observed|random_score|random|__none__,node2vec,knn_mean_distance,,completed,0.013683704293722478,0.003886219169855702,0.009797485123866776,0.0068924556494538314,0.026817048038975895,0.3333333333333333,0.0,0.3333333333333333,0.3333333333333333,0.3333333333333333,0.0015337423312883436,0.22085889570552147,False,False
acme_process_telemetry,acme_selection,selection,candidate_vs_random,True,matched|observed|raw_session|hdbscan_rare_cluster|TCP Communication Volume and Directionality,intrinsic|observed|random_score|random|__none__,raw_session,hdbscan_rare_cluster,TCP Communication Volume and Directionality,completed,0.0034114088498154614,0.003886219169855702,-0.0004748103200402408,-0.010306159753995101,-0.00033059541419155447,0.0,0.0,0.0,0.0,0.0,0.0015337423312883436,0.22085889570552147,False,False
acme_process_telemetry,acme_selection,selection,candidate_vs_random,True,matched|observed|raw_session|isolation_forest|Local State Modification and Data Access,intrinsic|observed|random_score|random|__none__,raw_session,isolation_forest,Local State Modification and Data Access,completed,0.018478891649623356,0.003886219169855702,0.014592672479767654,0.010580168073201094,0.036794774609587216,0.6666666666666666,0.0,0.6666666666666666,0.3333333333333333,0.6666666666666666,0.0015337423312883436,0.22085889570552147,False,False
acme_process_telemetry,acme_selection,selection,candidate_vs_random,True,matched|observed|raw_session|isolation_forest|Process Resource Consumption Profile,intrinsic|observed|random_score|random|__none__,raw_session,isolation_forest,Process Resource Consumption Profile,completed,0.010017859420844495,0.003886219169855702,0.006131640250988793,0.003891481019329046,0.023852942847879928,0.0,0.0,0.0,0.0,0.3333333333333333,0.0015337423312883436,0.22085889570552147,False,False
acme_process_telemetry,acme_selection,selection,candidate_vs_random,True,matched|observed|raw_session|isolation_forest|TCP Communication Volume and Directionality,intrinsic|observed|random_score|random|__none__,raw_session,isolation_forest,TCP Communication Volume and Directionality,completed,0.0038407119979730134,0.003886219169855702,-4.5507171882688824e-05,-0.010306159753995101,0.0004814672983193974,0.0,0.0,0.0,0.0,0.0,0.588957055214724,1.0,False,False
acme_process_telemetry,acme_selection,selection,candidate_vs_random,True,matched|observed|raw_session|knn_mean_distance|Local State Modification and Data Access,intrinsic|observed|random_score|random|__none__,raw_session,knn_mean_distance,Local State Modification and Data Access,completed,0.006486436525009332,0.003886219169855702,0.0026002173551536297,0.0015310619763170166,0.009842849259271475,0.0,0.0,0.0,0.0,0.3333333333333333,0.0015337423312883436,0.22085889570552147,False,False
acme_process_telemetry,acme_selection,selection,candidate_vs_random,True,matched|observed|raw_session|knn_mean_distance|Process Resource Consumption Profile,intrinsic|observed|random_score|random|__none__,raw_session,knn_mean_distance,Process Resource Consumption Profile,completed,0.015546099290780142,0.003886219169855702,0.01165988012092444,0.007604159137338543,0.043874879681211225,0.3333333333333333,0.0,0.3333333333333333,0.0,1.0,0.0015337423312883436,0.22085889570552147,False,False
acme_process_telemetry,acme_selection,selection,candidate_vs_random,True,matched|observed|raw_session|knn_mean_distance|TCP Communication Volume and Directionality,intrinsic|observed|random_score|random|__none__,raw_session,knn_mean_distance,TCP Communication Volume and Directionality,completed,0.0036407766990291263,0.003886219169855702,-0.0002454424708265759,-0.010306159753995101,-0.00016308181497928973,0.0,0.0,0.0,0.0,0.0,0.0015337423312883436,0.22085889570552147,False,False
acme_process_telemetry,acme_selection,selection,candidate_vs_random,True,matched|observed|typed_structural_stats|hdbscan_rare_cluster|__none__,intrinsic|observed|random_score|random|__none__,typed_structural_stats,hdbscan_rare_cluster,,completed,0.019732110751528226,0.003886219169855702,0.015845891581672523,-0.00825766310269032,0.03704938205378188,0.6666666666666666,0.0,0.6666666666666666,0.0,0.6666666666666666,0.7162576687116564,1.0,False,False
acme_process_telemetry,acme_selection,selection,candidate_vs_random,True,matched|observed|typed_structural_stats|isolation_forest|__none__,intrinsic|observed|random_score|random|__none__,typed_structural_stats,isolation_forest,,completed,0.018529609549027024,0.003886219169855702,0.014643390379171322,-0.00825766310269032,0.03504776301981103,0.6666666666666666,0.0,0.6666666666666666,0.0,0.6666666666666666,0.7162576687116564,1.0,False,False
acme_process_telemetry,acme_selection,selection,candidate_vs_random,True,matched|observed|typed_structural_stats|knn_mean_distance|__none__,intrinsic|observed|random_score|random|__none__,typed_structural_stats,knn_mean_distance,,completed,0.015397989396130275,0.003886219169855702,0.011511770226274573,-0.00825766310269032,0.030955848458025556,0.6666666666666666,0.0,0.6666666666666666,0.0,0.6666666666666666,0.7162576687116564,1.0,False,False
unsw_nb15_raw,unsw_development,development,raw_isolation_forest_vs_raw_knn,True,intrinsic|observed|raw_session|isolation_forest|Payload Size and Transmission Throughput,intrinsic|observed|raw_session|knn_mean_distance|Payload Size and Transmission Throughput,raw_session,isolation_forest,Payload Size and Transmission Throughput,completed,0.210175613678058,0.14817966478416142,0.06199594889389659,-0.12491943306852744,0.2126296521190449,0.003808073115003808,0.037319116527037316,-0.03351104341203351,-0.06611570247933884,-0.018788220882473037,0.7513980681240467,1.0,False,False
unsw_nb15_raw,unsw_development,development,raw_hdbscan_vs_raw_knn,True,intrinsic|observed|raw_session|hdbscan_rare_cluster|Payload Size and Transmission Throughput,intrinsic|observed|raw_session|knn_mean_distance|Payload Size and Transmission Throughput,raw_session,hdbscan_rare_cluster,Payload Size and Transmission Throughput,completed,0.20285900975546992,0.14817966478416142,0.0546793449713085,-0.15821291060564116,0.1688246435308478,0.0,0.037319116527037316,-0.037319116527037316,-0.06611570247933884,-0.008448386034893403,0.8124046771733604,1.0,False,False
unsw_nb15_raw,unsw_development,development,graphsage_trained_knn_vs_raw_knn,True,intrinsic|observed|graphsage_trained|knn_mean_distance|Payload Size and Transmission Throughput,intrinsic|observed|raw_session|knn_mean_distance|Payload Size and Transmission Throughput,graphsage_trained,knn_mean_distance,Payload Size and Transmission Throughput,completed,0.05252,0.14817966478416142,-0.09565966478416142,-0.18811921865259515,-0.03827704082896493,0.002284843869002285,0.037319116527037316,-0.035034272658035034,-0.06776556776556777,-0.023038070460472057,0.0010167768174885613,0.15540883697308278,False,False
unsw_nb15_raw,unsw_development,development,graphsage_trained_vs_random,True,intrinsic|observed|graphsage_trained|knn_mean_distance|Payload Size and Transmission Throughput,intrinsic|observed|graphsage_random|knn_mean_distance|Payload Size and Transmission Throughput,graphsage_trained,knn_mean_distance,Payload Size and Transmission Throughput,completed,0.05252,0.05252,0.0,0.0,0.0,0.002284843869002285,0.002284843869002285,0.0,0.0,0.0,1.0,1.0,False,False
unsw_nb15_raw,unsw_development,development,dominant_trained_vs_untrained,True,intrinsic|observed|dominant_style_trained|dominant_joint_reconstruction|Payload Size and Transmission Throughput,intrinsic|observed|dominant_style_untrained|dominant_joint_reconstruction|Payload Size and Transmission Throughput,dominant_style_trained,dominant_joint_reconstruction,Payload Size and Transmission Throughput,completed,0.4605373122577324,0.4246522611279182,0.035885051129814216,-0.029497297532553538,0.12288470443367451,0.0,0.0,0.0,0.0,0.02463717978899392,0.24605998983223182,1.0,False,False
unsw_nb15_raw,unsw_development,development,graphsage_observed_vs_permuted,True,intrinsic|observed|graphsage_trained|knn_mean_distance|Payload Size and Transmission Throughput,intrinsic|degree_sequence_preserving_target_permutation|graphsage_trained|knn_mean_distance|Payload Size and Transmission Throughput,graphsage_trained,knn_mean_distance,Payload Size and Transmission Throughput,completed,0.05252,0.05252,0.0,0.0,0.0,0.002284843869002285,0.002284843869002285,0.0,0.0,0.0,1.0,1.0,False,False
unsw_nb15_raw,unsw_development,development,graphsage_observed_vs_permuted,True,intrinsic|observed|graphsage_trained|isolation_forest|Payload Size and Transmission Throughput,intrinsic|degree_sequence_preserving_target_permutation|graphsage_trained|isolation_forest|Payload Size and Transmission Throughput,graphsage_trained,isolation_forest,Payload Size and Transmission Throughput,completed,0.43074062269940255,0.4303176146950042,0.00042300800439837305,-0.05218731032344217,0.05561703995859236,0.0,0.0,0.0,0.0,0.0,0.5683782409761058,1.0,False,False
unsw_nb15_raw,unsw_development,development,graphsage_observed_vs_permuted,True,intrinsic|observed|graphsage_trained|hdbscan_rare_cluster|Payload Size and Transmission Throughput,intrinsic|degree_sequence_preserving_target_permutation|graphsage_trained|hdbscan_rare_cluster|Payload Size and Transmission Throughput,graphsage_trained,hdbscan_rare_cluster,Payload Size and Transmission Throughput,not_evaluable,,,,,,,,,,,,,False,False
unsw_nb15_raw,unsw_development,development,raw_isolation_forest_vs_raw_knn,True,intrinsic|observed|raw_session|isolation_forest|TCP Handshake and Packet Timing,intrinsic|observed|raw_session|knn_mean_distance|TCP Handshake and Packet Timing,raw_session,isolation_forest,TCP Handshake and Packet Timing,completed,0.1908590315996358,0.1920793230497152,-0.0012202914500794027,-0.051089707646710475,0.047507785439461034,0.031226199543031227,0.022086824067022087,0.00913937547600914,-0.007326007326007328,0.02631578947368421,0.7727503812913066,1.0,False,False
unsw_nb15_raw,unsw_development,development,raw_hdbscan_vs_raw_knn,True,intrinsic|observed|raw_session|hdbscan_rare_cluster|TCP Handshake and Packet Timing,intrinsic|observed|raw_session|knn_mean_distance|TCP Handshake and Packet Timing,raw_session,hdbscan_rare_cluster,TCP Handshake and Packet Timing,completed,0.10114416228725027,0.1920793230497152,-0.09093516076246493,-0.3013075926827561,-0.016229575214350832,0.024371667936024372,0.022086824067022087,0.002284843869002285,-0.13486842105263158,0.019806338028169015,0.022369089984748347,1.0,False,False
unsw_nb15_raw,unsw_development,development,graphsage_trained_knn_vs_raw_knn,True,intrinsic|observed|graphsage_trained|knn_mean_distance|TCP Handshake and Packet Timing,intrinsic|observed|raw_session|knn_mean_distance|TCP Handshake and Packet Timing,graphsage_trained,knn_mean_distance,TCP Handshake and Packet Timing,completed,0.05252,0.1920793230497152,-0.1395593230497152,-0.32604298511717983,-0.07907265373077976,0.002284843869002285,0.022086824067022087,-0.019801980198019802,-0.1513157894736842,-0.003861677968492642,0.0010167768174885613,0.15540883697308278,False,False
unsw_nb15_raw,unsw_development,development,graphsage_trained_vs_random,True,intrinsic|observed|graphsage_trained|knn_mean_distance|TCP Handshake and Packet Timing,intrinsic|observed|graphsage_random|knn_mean_distance|TCP Handshake and Packet Timing,graphsage_trained,knn_mean_distance,TCP Handshake and Packet Timing,completed,0.05252,0.05252,0.0,0.0,0.0,0.002284843869002285,0.002284843869002285,0.0,0.0,0.0,1.0,1.0,False,False
unsw_nb15_raw,unsw_development,development,dominant_trained_vs_untrained,True,intrinsic|observed|dominant_style_trained|dominant_joint_reconstruction|TCP Handshake and Packet Timing,intrinsic|observed|dominant_style_untrained|dominant_joint_reconstruction|TCP Handshake and Packet Timing,dominant_style_trained,dominant_joint_reconstruction,TCP Handshake and Packet Timing,completed,0.6383469697440359,0.45674849140155405,0.18159847834248188,0.0,0.2718836047141504,0.04112718964204113,0.0,0.04112718964204113,0.0,0.1600831600831601,0.08337569903406203,1.0,False,False
unsw_nb15_raw,unsw_development,development,graphsage_observed_vs_permuted,True,intrinsic|observed|graphsage_trained|knn_mean_distance|TCP Handshake and Packet Timing,intrinsic|degree_sequence_preserving_target_permutation|graphsage_trained|knn_mean_distance|TCP Handshake and Packet Timing,graphsage_trained,knn_mean_distance,TCP Handshake and Packet Timing,completed,0.05252,0.05252,0.0,0.0,0.0,0.002284843869002285,0.002284843869002285,0.0,0.0,0.0,1.0,1.0,False,False
unsw_nb15_raw,unsw_development,development,graphsage_observed_vs_permuted,True,intrinsic|observed|graphsage_trained|isolation_forest|TCP Handshake and Packet Timing,intrinsic|degree_sequence_preserving_target_permutation|graphsage_trained|isolation_forest|TCP Handshake and Packet Timing,graphsage_trained,isolation_forest,TCP Handshake and Packet Timing,completed,0.4665337102373185,0.5392655351713589,-0.0727318249340404,-0.2760057351152521,0.0,0.012185833968012186,0.05864432597105865,-0.04645849200304646,-0.1600831600831601,0.0,0.06609049313675648,1.0,False,False
unsw_nb15_raw,unsw_development,development,graphsage_observed_vs_permuted,True,intrinsic|observed|graphsage_trained|hdbscan_rare_cluster|TCP Handshake and Packet Timing,intrinsic|degree_sequence_preserving_target_permutation|graphsage_trained|hdbscan_rare_cluster|TCP Handshake and Packet Timing,graphsage_trained,hdbscan_rare_cluster,TCP Handshake and Packet Timing,not_evaluable,,,,,,,,,,,,,False,False
unsw_nb15_raw,unsw_development,development,raw_isolation_forest_vs_raw_knn,True,intrinsic|observed|raw_session|isolation_forest|Historical Connection Frequency Context,intrinsic|observed|raw_session|knn_mean_distance|Historical Connection Frequency Context,raw_session,isolation_forest,Historical Connection Frequency Context,completed,0.15645794900691995,0.044085783158959876,0.11237216584796007,0.004226385418921753,0.26742822970302876,0.02284843869002285,0.008377760853008377,0.014470677837014473,-0.003289473684210526,0.07889743688128309,0.00813421453990849,1.0,False,False
unsw_nb15_raw,unsw_development,development,raw_hdbscan_vs_raw_knn,True,intrinsic|observed|raw_session|hdbscan_rare_cluster|Historical Connection Frequency Context,intrinsic|observed|raw_session|knn_mean_distance|Historical Connection Frequency Context,raw_session,hdbscan_rare_cluster,Historical Connection Frequency Context,completed,0.13574055554641,0.044085783158959876,0.09165477238745014,0.0003856077218316197,0.16890283035533277,0.026656511805026657,0.008377760853008377,0.01827875095201828,-0.003289473684210526,0.0751592356687898,0.04880528723945094,1.0,False,False
unsw_nb15_raw,unsw_development,development,graphsage_trained_knn_vs_raw_knn,True,intrinsic|observed|graphsage_trained|knn_mean_distance|Historical Connection Frequency Context,intrinsic|observed|raw_session|knn_mean_distance|Historical Connection Frequency Context,graphsage_trained,knn_mean_distance,Historical Connection Frequency Context,completed,0.05252,0.044085783158959876,0.00843421684104012,-0.08056387450667958,0.055936100560645505,0.002284843869002285,0.008377760853008377,-0.006092916984006092,-0.019024970273483946,0.001893939393939394,0.7666497203863752,1.0,False,False
unsw_nb15_raw,unsw_development,development,graphsage_trained_vs_random,True,intrinsic|observed|graphsage_trained|knn_mean_distance|Historical Connection Frequency Context,intrinsic|observed|graphsage_random|knn_mean_distance|Historical Connection Frequency Context,graphsage_trained,knn_mean_distance,Historical Connection Frequency Context,completed,0.05252,0.05252,0.0,0.0,0.0,0.002284843869002285,0.002284843869002285,0.0,0.0,0.0,1.0,1.0,False,False
unsw_nb15_raw,unsw_development,development,dominant_trained_vs_untrained,True,intrinsic|observed|dominant_style_trained|dominant_joint_reconstruction|Historical Connection Frequency Context,intrinsic|observed|dominant_style_untrained|dominant_joint_reconstruction|Historical Connection Frequency Context,dominant_style_trained,dominant_joint_reconstruction,Historical Connection Frequency Context,completed,0.513219845650205,0.4857242997722187,0.02749554587798625,-0.053217388447393384,0.08516301362374235,0.0,0.0,0.0,0.0,0.035640083224559096,0.18200305033045247,1.0,False,False
unsw_nb15_raw,unsw_development,development,graphsage_observed_vs_permuted,True,intrinsic|observed|graphsage_trained|knn_mean_distance|Historical Connection Frequency Context,intrinsic|degree_sequence_preserving_target_permutation|graphsage_trained|knn_mean_distance|Historical Connection Frequency Context,graphsage_trained,knn_mean_distance,Historical Connection Frequency Context,completed,0.05252,0.05252,0.0,0.0,0.0,0.002284843869002285,0.002284843869002285,0.0,0.0,0.0,1.0,1.0,False,False
unsw_nb15_raw,unsw_development,development,graphsage_observed_vs_permuted,True,intrinsic|observed|graphsage_trained|isolation_forest|Historical Connection Frequency Context,intrinsic|degree_sequence_preserving_target_permutation|graphsage_trained|isolation_forest|Historical Connection Frequency Context,graphsage_trained,isolation_forest,Historical Connection Frequency Context,completed,0.46062534937680477,0.4535607940217241,0.0070645553550806595,-0.0010200742128672752,0.050601356714945714,0.02513328255902513,0.0007616146230007616,0.02437166793602437,-0.000781553959027301,0.08094594594594595,0.5002541942043721,1.0,False,False
unsw_nb15_raw,unsw_development,development,graphsage_observed_vs_permuted,True,intrinsic|observed|graphsage_trained|hdbscan_rare_cluster|Historical Connection Frequency Context,intrinsic|degree_sequence_preserving_target_permutation|graphsage_trained|hdbscan_rare_cluster|Historical Connection Frequency Context,graphsage_trained,hdbscan_rare_cluster,Historical Connection Frequency Context,not_evaluable,,,,,,,,,,,,,False,False
unsw_nb15_raw,unsw_development,development,node2vec_observed_vs_permuted,True,intrinsic|observed|node2vec|knn_mean_distance|__none__,intrinsic|degree_sequence_preserving_target_permutation|node2vec|knn_mean_distance|__none__,node2vec,knn_mean_distance,,completed,0.05252,0.05252,0.0,0.0,0.0,0.002284843869002285,0.002284843869002285,0.0,0.0,0.0,1.0,1.0,False,False
unsw_nb15_raw,unsw_development,development,node2vec_observed_vs_permuted,True,intrinsic|observed|node2vec|isolation_forest|__none__,intrinsic|degree_sequence_preserving_target_permutation|node2vec|isolation_forest|__none__,node2vec,isolation_forest,,completed,0.7648868118491412,0.5287331956508954,0.23615361619824582,-0.04566939020055902,0.4358837387683541,0.05864432597105865,0.0,0.05864432597105865,-0.0019147917663954045,0.1600831600831601,0.3284189120488053,1.0,False,False
unsw_nb15_raw,unsw_development,development,node2vec_observed_vs_permuted,True,intrinsic|observed|node2vec|hdbscan_rare_cluster|__none__,intrinsic|degree_sequence_preserving_target_permutation|node2vec|hdbscan_rare_cluster|__none__,node2vec,hdbscan_rare_cluster,,not_evaluable,,,,,,,,,,,,,False,False
unsw_nb15_raw,unsw_development,development,matched_vs_intrinsic,True,matched|observed|raw_session|knn_mean_distance|Payload Size and Transmission Throughput,intrinsic|observed|raw_session|knn_mean_distance|Payload Size and Transmission Throughput,raw_session,knn_mean_distance,Payload Size and Transmission Throughput,completed,0.1567024296561067,0.14817966478416142,0.008522764871945282,-0.0005737919044737361,0.02171048176915695,0.04265041888804265,0.037319116527037316,0.005331302361005333,0.0,0.016662335412335413,0.06507371631926792,1.0,False,False
unsw_nb15_raw,unsw_development,development,matched_vs_intrinsic,True,matched|observed|raw_session|isolation_forest|Payload Size and Transmission Throughput,intrinsic|observed|raw_session|isolation_forest|Payload Size and Transmission Throughput,raw_session,isolation_forest,Payload Size and Transmission Throughput,completed,0.20771136100211743,0.210175613678058,-0.0024642526759405814,-0.005637256107383349,0.02147898208911154,0.003808073115003808,0.003808073115003808,0.0,-0.0030120481927710854,0.0,0.70665988815455,1.0,False,False
unsw_nb15_raw,unsw_development,development,matched_vs_intrinsic,True,matched|observed|raw_session|hdbscan_rare_cluster|Payload Size and Transmission Throughput,intrinsic|observed|raw_session|hdbscan_rare_cluster|Payload Size and Transmission Throughput,raw_session,hdbscan_rare_cluster,Payload Size and Transmission Throughput,completed,0.2767181915279416,0.20285900975546992,0.07385918177247167,0.00903939370348997,0.12952023959245063,0.0030464584920030465,0.0,0.0030464584920030465,0.0,0.012175334208896578,0.03253685815963396,1.0,False,False
unsw_nb15_raw,unsw_development,development,matched_vs_intrinsic,True,matched|observed|raw_session|knn_mean_distance|TCP Handshake and Packet Timing,intrinsic|observed|raw_session|knn_mean_distance|TCP Handshake and Packet Timing,raw_session,knn_mean_distance,TCP Handshake and Packet Timing,completed,0.19369672218890976,0.1920793230497152,0.0016173991391945641,-0.0023624546315874073,0.013098258974179695,0.020563594821020565,0.022086824067022087,-0.0015232292460015222,-0.006641768057908512,0.019444444444444445,0.3609557702084393,1.0,False,False
unsw_nb15_raw,unsw_development,development,matched_vs_intrinsic,True,matched|observed|raw_session|isolation_forest|TCP Handshake and Packet Timing,intrinsic|observed|raw_session|isolation_forest|TCP Handshake and Packet Timing,raw_session,isolation_forest,TCP Handshake and Packet Timing,completed,0.19012912190460582,0.1908590315996358,-0.0007299096950299788,-0.001853058603900875,0.012556067403236908,0.031226199543031227,0.031226199543031227,0.0,-0.005555555555555564,0.0020773912819367366,0.3467208947635994,1.0,False,False
unsw_nb15_raw,unsw_development,development,matched_vs_intrinsic,True,matched|observed|raw_session|hdbscan_rare_cluster|TCP Handshake and Packet Timing,intrinsic|observed|raw_session|hdbscan_rare_cluster|TCP Handshake and Packet Timing,raw_session,hdbscan_rare_cluster,TCP Handshake and Packet Timing,completed,0.10969250015159863,0.10114416228725027,0.00854833786434836,0.004944332494114655,0.050499752305224084,0.020563594821020565,0.024371667936024372,-0.003808073115003807,-0.011323386705482774,0.002144297370428024,0.0010167768174885613,0.15540883697308278,False,False
unsw_nb15_raw,unsw_development,development,matched_vs_intrinsic,True,matched|observed|raw_session|knn_mean_distance|Historical Connection Frequency Context,intrinsic|observed|raw_session|knn_mean_distance|Historical Connection Frequency Context,raw_session,knn_mean_distance,Historical Connection Frequency Context,completed,0.04449559910560346,0.044085783158959876,0.00040981594664358384,-0.033736376452898724,0.03918432077526606,0.009900990099009901,0.008377760853008377,0.001523229246001524,-0.0015408320493066256,0.004158004158004158,0.5846466700559227,1.0,False,False
unsw_nb15_raw,unsw_development,development,matched_vs_intrinsic,True,matched|observed|raw_session|isolation_forest|Historical Connection Frequency Context,intrinsic|observed|raw_session|isolation_forest|Historical Connection Frequency Context,raw_session,isolation_forest,Historical Connection Frequency Context,completed,0.15903624477491476,0.15645794900691995,0.002578295767994815,5.234433264529961e-05,0.01886521077318252,0.02284843869002285,0.02284843869002285,0.0,-0.0010269443157244359,0.005451841910335674,0.044738179969496694,1.0,False,False
unsw_nb15_raw,unsw_development,development,matched_vs_intrinsic,True,matched|observed|raw_session|hdbscan_rare_cluster|Historical Connection Frequency Context,intrinsic|observed|raw_session|hdbscan_rare_cluster|Historical Connection Frequency Context,raw_session,hdbscan_rare_cluster,Historical Connection Frequency Context,completed,0.14332824818265014,0.13574055554641,0.007587692636240123,-0.0005769695473675576,0.07588051077541633,0.027418126428027417,0.026656511805026657,0.0007616146230007594,-0.008262468938932533,0.02374031007751938,0.1077783426537875,1.0,False,False
unsw_nb15_raw,unsw_development,development,matched_vs_intrinsic,True,matched|observed|typed_structural_stats|knn_mean_distance|__none__,intrinsic|observed|typed_structural_stats|knn_mean_distance|__none__,typed_structural_stats,knn_mean_distance,,completed,0.05252,0.05252,0.0,0.0,0.0,0.0015232292460015233,0.002284843869002285,-0.0007616146230007617,-0.003287933668440765,0.0,1.0,1.0,False,False
unsw_nb15_raw,unsw_development,development,matched_vs_intrinsic,True,matched|observed|typed_structural_stats|isolation_forest|__none__,intrinsic|observed|typed_structural_stats|isolation_forest|__none__,typed_structural_stats,isolation_forest,,completed,0.44263103916807056,0.4487546515984765,-0.006123612430405934,-0.018224827282763367,-0.004172419541847092,0.0,0.0,0.0,-0.005233990701927107,0.0,0.0010167768174885613,0.15540883697308278,False,False
unsw_nb15_raw,unsw_development,development,matched_vs_intrinsic,True,matched|observed|node2vec|knn_mean_distance|__none__,intrinsic|observed|node2vec|knn_mean_distance|__none__,node2vec,knn_mean_distance,,completed,0.05252,0.05252,0.0,0.0,0.0,0.0,0.002284843869002285,-0.002284843869002285,-0.003787878787878788,0.0,1.0,1.0,False,False
unsw_nb15_raw,unsw_development,development,matched_vs_intrinsic,True,matched|observed|node2vec|isolation_forest|__none__,intrinsic|observed|node2vec|isolation_forest|__none__,node2vec,isolation_forest,,completed,0.7611640187145311,0.7648868118491412,-0.003722793134610103,-0.0159038696569187,0.004130169057330935,0.05712109672505712,0.05864432597105865,-0.0015232292460015256,-0.023026315789473686,0.002824858757062147,0.23589222165734622,1.0,False,False
unsw_nb15_raw,unsw_development,development,matched_vs_intrinsic,True,matched|observed|graphsage_trained|knn_mean_distance|Payload Size and Transmission Throughput,intrinsic|observed|graphsage_trained|knn_mean_distance|Payload Size and Transmission Throughput,graphsage_trained,knn_mean_distance,Payload Size and Transmission Throughput,completed,0.05252,0.05252,0.0,0.0,0.0,0.0,0.002284843869002285,-0.002284843869002285,-0.0035826242722794446,0.0,1.0,1.0,False,False
unsw_nb15_raw,unsw_development,development,matched_vs_intrinsic,True,matched|observed|graphsage_trained|isolation_forest|Payload Size and Transmission Throughput,intrinsic|observed|graphsage_trained|isolation_forest|Payload Size and Transmission Throughput,graphsage_trained,isolation_forest,Payload Size and Transmission Throughput,completed,0.4252611473106908,0.43074062269940255,-0.005479475388711741,-0.01747728586392757,-0.004545607420516455,0.0,0.0,0.0,0.0,0.0,0.0010167768174885613,0.15540883697308278,False,False
unsw_nb15_raw,unsw_development,development,matched_vs_intrinsic,True,matched|observed|graphsage_trained|knn_mean_distance|TCP Handshake and Packet Timing,intrinsic|observed|graphsage_trained|knn_mean_distance|TCP Handshake and Packet Timing,graphsage_trained,knn_mean_distance,TCP Handshake and Packet Timing,completed,0.05252,0.05252,0.0,0.0,0.0,0.0,0.002284843869002285,-0.002284843869002285,-0.00360082304526749,0.0,1.0,1.0,False,False
unsw_nb15_raw,unsw_development,development,matched_vs_intrinsic,True,matched|observed|graphsage_trained|isolation_forest|TCP Handshake and Packet Timing,intrinsic|observed|graphsage_trained|isolation_forest|TCP Handshake and Packet Timing,graphsage_trained,isolation_forest,TCP Handshake and Packet Timing,completed,0.4614126791382791,0.4665337102373185,-0.005121031099039386,-0.019634470898015607,-0.0014781830735204476,0.008377760853008377,0.012185833968012186,-0.003808073115003809,-0.015452538631346577,0.0,0.014234875444839857,1.0,False,False
unsw_nb15_raw,unsw_development,development,matched_vs_intrinsic,True,matched|observed|graphsage_trained|knn_mean_distance|Historical Connection Frequency Context,intrinsic|observed|graphsage_trained|knn_mean_distance|Historical Connection Frequency Context,graphsage_trained,knn_mean_distance,Historical Connection Frequency Context,completed,0.053237350240139654,0.05252,0.0007173502401396567,0.0,0.008391587507246515,0.010662604722010662,0.002284843869002285,0.008377760853008377,-0.003109452736318408,0.03058823529411765,0.688357905439756,1.0,False,False
unsw_nb15_raw,unsw_development,development,matched_vs_intrinsic,True,matched|observed|graphsage_trained|isolation_forest|Historical Connection Frequency Context,intrinsic|observed|graphsage_trained|isolation_forest|Historical Connection Frequency Context,graphsage_trained,isolation_forest,Historical Connection Frequency Context,completed,0.4536172379476251,0.46062534937680477,-0.007008111429179675,-0.017666745615887387,-0.0032202553695468566,0.02513328255902513,0.02513328255902513,0.0,-0.007448789571694605,0.01038961038961039,0.003050330452465684,0.4113763331640427,False,False
unsw_nb15_raw,unsw_development,development,matched_vs_intrinsic,True,matched|observed|dominant_style_trained|dominant_joint_reconstruction|Payload Size and Transmission Throughput,intrinsic|observed|dominant_style_trained|dominant_joint_reconstruction|Payload Size and Transmission Throughput,dominant_style_trained,dominant_joint_reconstruction,Payload Size and Transmission Throughput,completed,0.45641987619596763,0.4605373122577324,-0.00411743606176479,-0.012840366984683937,-0.0006276070508524744,0.0,0.0,0.0,-0.001389336083809482,0.0,0.0071174377224199285,0.9395017793594306,False,False
unsw_nb15_raw,unsw_development,development,matched_vs_intrinsic,True,matched|observed|dominant_style_trained|dominant_joint_reconstruction|TCP Handshake and Packet Timing,intrinsic|observed|dominant_style_trained|dominant_joint_reconstruction|TCP Handshake and Packet Timing,dominant_style_trained,dominant_joint_reconstruction,TCP Handshake and Packet Timing,completed,0.6357049025808152,0.6383469697440359,-0.002642067163220685,-0.021258054085588236,0.006053124357300599,0.04112718964204113,0.04112718964204113,0.0,-0.0022075055187637943,0.010389610389610386,0.3477376715810879,1.0,False,False
unsw_nb15_raw,unsw_development,development,matched_vs_intrinsic,True,matched|observed|dominant_style_trained|dominant_joint_reconstruction|Historical Connection Frequency Context,intrinsic|observed|dominant_style_trained|dominant_joint_reconstruction|Historical Connection Frequency Context,dominant_style_trained,dominant_joint_reconstruction,Historical Connection Frequency Context,completed,0.5075269658395792,0.513219845650205,-0.005692879810625717,-0.016113495014370767,0.0026093445894019573,0.0,0.0,0.0,0.0,0.011204594017094019,0.15963396034570412,1.0,False,False
unsw_nb15_raw,unsw_selection,selection,raw_isolation_forest_vs_raw_knn,True,intrinsic|observed|raw_session|isolation_forest|Payload Size and Transmission Throughput,intrinsic|observed|raw_session|knn_mean_distance|Payload Size and Transmission Throughput,raw_session,isolation_forest,Payload Size and Transmission Throughput,completed,0.2264379565855314,0.2736354959357945,-0.04719753935026311,-0.24697830706709992,0.31490322392920517,0.007900280898876405,0.012816011235955056,-0.0049157303370786515,-0.08480565371024736,-0.00025012614391375194,0.547486033519553,1.0,False,False
unsw_nb15_raw,unsw_selection,selection,raw_hdbscan_vs_raw_knn,True,intrinsic|observed|raw_session|hdbscan_rare_cluster|Payload Size and Transmission Throughput,intrinsic|observed|raw_session|knn_mean_distance|Payload Size and Transmission Throughput,raw_session,hdbscan_rare_cluster,Payload Size and Transmission Throughput,completed,0.15341471171450488,0.2736354959357945,-0.12022078422128962,-0.4143997413269562,0.07421604263473704,0.0012289325842696629,0.012816011235955056,-0.011587078651685394,-0.1328125,-0.0046717553240085965,0.313864906043677,1.0,False,False
unsw_nb15_raw,unsw_selection,selection,graphsage_trained_knn_vs_raw_knn,True,intrinsic|observed|graphsage_trained|knn_mean_distance|Payload Size and Transmission Throughput,intrinsic|observed|raw_session|knn_mean_distance|Payload Size and Transmission Throughput,graphsage_trained,knn_mean_distance,Payload Size and Transmission Throughput,completed,0.22784,0.2736354959357945,-0.04579549593579452,-0.43528442868784917,0.3029089201396229,0.0008778089887640449,0.012816011235955056,-0.011938202247191011,-0.13427561837455831,-0.0048691232983912236,0.37887252412392075,1.0,False,False
unsw_nb15_raw,unsw_selection,selection,graphsage_trained_vs_random,True,intrinsic|observed|graphsage_trained|knn_mean_distance|Payload Size and Transmission Throughput,intrinsic|observed|graphsage_random|knn_mean_distance|Payload Size and Transmission Throughput,graphsage_trained,knn_mean_distance,Payload Size and Transmission Throughput,completed,0.22784,0.22784,0.0,0.0,0.0,0.0008778089887640449,0.0008778089887640449,0.0,0.0,0.0,1.0,1.0,False,False
unsw_nb15_raw,unsw_selection,selection,dominant_trained_vs_untrained,True,intrinsic|observed|dominant_style_trained|dominant_joint_reconstruction|Payload Size and Transmission Throughput,intrinsic|observed|dominant_style_untrained|dominant_joint_reconstruction|Payload Size and Transmission Throughput,dominant_style_trained,dominant_joint_reconstruction,Payload Size and Transmission Throughput,completed,0.5190770367260618,0.456116930956313,0.06296010576974875,-0.026053999211214738,0.20947367974051456,0.005793539325842697,0.0,0.005793539325842697,0.0,0.007761087954014132,0.47536820721178263,1.0,False,False
unsw_nb15_raw,unsw_selection,selection,graphsage_observed_vs_permuted,True,intrinsic|observed|graphsage_trained|knn_mean_distance|Payload Size and Transmission Throughput,intrinsic|degree_sequence_preserving_target_permutation|graphsage_trained|knn_mean_distance|Payload Size and Transmission Throughput,graphsage_trained,knn_mean_distance,Payload Size and Transmission Throughput,completed,0.22784,0.22784,0.0,0.0,0.0,0.0008778089887640449,0.0008778089887640449,0.0,0.0,0.0,1.0,1.0,False,False
unsw_nb15_raw,unsw_selection,selection,graphsage_observed_vs_permuted,True,intrinsic|observed|graphsage_trained|isolation_forest|Payload Size and Transmission Throughput,intrinsic|degree_sequence_preserving_target_permutation|graphsage_trained|isolation_forest|Payload Size and Transmission Throughput,graphsage_trained,isolation_forest,Payload Size and Transmission Throughput,completed,0.49108664950580816,0.37496355696453104,0.11612309254127712,-0.03131108460333886,0.3713292274150692,0.005793539325842697,0.0049157303370786515,0.0008778089887640454,-0.01029429201936695,0.014842300556586266,0.22955815134586086,1.0,False,False
unsw_nb15_raw,unsw_selection,selection,graphsage_observed_vs_permuted,True,intrinsic|observed|graphsage_trained|hdbscan_rare_cluster|Payload Size and Transmission Throughput,intrinsic|degree_sequence_preserving_target_permutation|graphsage_trained|hdbscan_rare_cluster|Payload Size and Transmission Throughput,graphsage_trained,hdbscan_rare_cluster,Payload Size and Transmission Throughput,completed,0.1988119571472605,0.21579753228406712,-0.016985575136806624,-0.24441234824157043,0.0,0.0,0.0,0.0,-0.003966275494053271,0.0,0.46825799898425596,1.0,False,False
unsw_nb15_raw,unsw_selection,selection,raw_isolation_forest_vs_raw_knn,True,intrinsic|observed|raw_session|isolation_forest|TCP Handshake and Packet Timing,intrinsic|observed|raw_session|knn_mean_distance|TCP Handshake and Packet Timing,raw_session,isolation_forest,TCP Handshake and Packet Timing,completed,0.22170117274732679,0.2749430072694957,-0.053241834522168935,-0.28367772339262204,0.25032893303315523,0.004740168539325843,0.0033356741573033707,0.0014044943820224723,-0.015625,0.010948905109489052,0.6856272219400711,1.0,False,False
unsw_nb15_raw,unsw_selection,selection,raw_hdbscan_vs_raw_knn,True,intrinsic|observed|raw_session|hdbscan_rare_cluster|TCP Handshake and Packet Timing,intrinsic|observed|raw_session|knn_mean_distance|TCP Handshake and Packet Timing,raw_session,hdbscan_rare_cluster,TCP Handshake and Packet Timing,completed,0.2070167026353894,0.2749430072694957,-0.06792630463410632,-0.40179775859472316,0.22407277058936517,0.0052668539325842695,0.0033356741573033707,0.0019311797752808988,-0.12305653710247348,0.006533600671129597,0.5007618080243779,1.0,False,False
unsw_nb15_raw,unsw_selection,selection,graphsage_trained_knn_vs_raw_knn,True,intrinsic|observed|graphsage_trained|knn_mean_distance|TCP Handshake and Packet Timing,intrinsic|observed|raw_session|knn_mean_distance|TCP Handshake and Packet Timing,graphsage_trained,knn_mean_distance,TCP Handshake and Packet Timing,completed,0.22784,0.2749430072694957,-0.047103007269495734,-0.4631960380612137,-0.008315225753622951,0.0008778089887640449,0.0033356741573033707,-0.0024578651685393258,-0.1413427561837456,0.0009049568376818774,0.016251904520060943,1.0,False,False
unsw_nb15_raw,unsw_selection,selection,graphsage_trained_vs_random,True,intrinsic|observed|graphsage_trained|knn_mean_distance|TCP Handshake and Packet Timing,intrinsic|observed|graphsage_random|knn_mean_distance|TCP Handshake and Packet Timing,graphsage_trained,knn_mean_distance,TCP Handshake and Packet Timing,completed,0.22784,0.22784,0.0,0.0,0.0,0.0008778089887640449,0.0008778089887640449,0.0,0.0,0.0,1.0,1.0,False,False
unsw_nb15_raw,unsw_selection,selection,dominant_trained_vs_untrained,True,intrinsic|observed|dominant_style_trained|dominant_joint_reconstruction|TCP Handshake and Packet Timing,intrinsic|observed|dominant_style_untrained|dominant_joint_reconstruction|TCP Handshake and Packet Timing,dominant_style_trained,dominant_joint_reconstruction,TCP Handshake and Packet Timing,completed,0.49725078511877624,0.2750328497595957,0.22221793535918055,0.0,0.6119099076777341,0.010884831460674158,0.007549157303370787,0.003335674157303371,0.0,0.05078125,0.0782122905027933,1.0,False,False
unsw_nb15_raw,unsw_selection,selection,graphsage_observed_vs_permuted,True,intrinsic|observed|graphsage_trained|knn_mean_distance|TCP Handshake and Packet Timing,intrinsic|degree_sequence_preserving_target_permutation|graphsage_trained|knn_mean_distance|TCP Handshake and Packet Timing,graphsage_trained,knn_mean_distance,TCP Handshake and Packet Timing,completed,0.22784,0.22784,0.0,0.0,0.0,0.0008778089887640449,0.0008778089887640449,0.0,0.0,0.0,1.0,1.0,False,False
unsw_nb15_raw,unsw_selection,selection,graphsage_observed_vs_permuted,True,intrinsic|observed|graphsage_trained|isolation_forest|TCP Handshake and Packet Timing,intrinsic|degree_sequence_preserving_target_permutation|graphsage_trained|isolation_forest|TCP Handshake and Packet Timing,graphsage_trained,isolation_forest,TCP Handshake and Packet Timing,completed,0.479878612653676,0.4369577094223995,0.04292090323127651,-0.007309388424041607,0.22418523492371714,0.012816011235955056,0.012816011235955056,0.0,-0.0057286072323666296,0.0,1.0,1.0,False,False
unsw_nb15_raw,unsw_selection,selection,graphsage_observed_vs_permuted,True,intrinsic|observed|graphsage_trained|hdbscan_rare_cluster|TCP Handshake and Packet Timing,intrinsic|degree_sequence_preserving_target_permutation|graphsage_trained|hdbscan_rare_cluster|TCP Handshake and Packet Timing,graphsage_trained,hdbscan_rare_cluster,TCP Handshake and Packet Timing,completed,0.21615718422529998,0.22070926228406232,-0.004552078058762343,-0.07805853854051219,0.0,0.0,0.004213483146067416,-0.004213483146067416,-0.05066076501623376,0.0,0.313864906043677,1.0,False,False
unsw_nb15_raw,unsw_selection,selection,raw_isolation_forest_vs_raw_knn,True,intrinsic|observed|raw_session|isolation_forest|Historical Connection Frequency Context,intrinsic|observed|raw_session|knn_mean_distance|Historical Connection Frequency Context,raw_session,isolation_forest,Historical Connection Frequency Context,completed,0.46306223604739655,0.2659452417818069,0.19711699426558965,-0.01714172281901578,0.3873660317532081,0.007724719101123595,0.009831460674157303,-0.002106741573033708,-0.0170316301703163,0.008934960752222295,0.17166074149314373,1.0,False,False
unsw_nb15_raw,unsw_selection,selection,raw_hdbscan_vs_raw_knn,True,intrinsic|observed|raw_session|hdbscan_rare_cluster|Historical Connection Frequency Context,intrinsic|observed|raw_session|knn_mean_distance|Historical Connection Frequency Context,raw_session,hdbscan_rare_cluster,Historical Connection Frequency Context,completed,0.45959495690615443,0.2659452417818069,0.19364971512434753,-0.026875203202349672,0.34541038657617057,0.010182584269662922,0.009831460674157303,0.00035112359550561884,-0.017194570135746608,0.01170046801872075,0.23869984763839514,1.0,False,False
unsw_nb15_raw,unsw_selection,selection,graphsage_trained_knn_vs_raw_knn,True,intrinsic|observed|graphsage_trained|knn_mean_distance|Historical Connection Frequency Context,intrinsic|observed|raw_session|knn_mean_distance|Historical Connection Frequency Context,graphsage_trained,knn_mean_distance,Historical Connection Frequency Context,completed,0.22784,0.2659452417818069,-0.03810524178180691,-0.29272263346283306,0.018919495732381053,0.0008778089887640449,0.009831460674157303,-0.008953651685393258,-0.016210431946516415,-0.0038180383316341595,0.36465210766886746,1.0,False,False
unsw_nb15_raw,unsw_selection,selection,graphsage_trained_vs_random,True,intrinsic|observed|graphsage_trained|knn_mean_distance|Historical Connection Frequency Context,intrinsic|observed|graphsage_random|knn_mean_distance|Historical Connection Frequency Context,graphsage_trained,knn_mean_distance,Historical Connection Frequency Context,completed,0.22784,0.22784,0.0,0.0,0.0,0.0008778089887640449,0.0008778089887640449,0.0,0.0,0.0,1.0,1.0,False,False
unsw_nb15_raw,unsw_selection,selection,dominant_trained_vs_untrained,True,intrinsic|observed|dominant_style_trained|dominant_joint_reconstruction|Historical Connection Frequency Context,intrinsic|observed|dominant_style_untrained|dominant_joint_reconstruction|Historical Connection Frequency Context,dominant_style_trained,dominant_joint_reconstruction,Historical Connection Frequency Context,completed,0.5844716542789932,0.470607334733242,0.11386431954575116,-2.5074791801946462e-05,0.23310272571251037,0.0,0.0,0.0,0.0,0.005984158019397223,0.0914169629253428,1.0,False,False
unsw_nb15_raw,unsw_selection,selection,graphsage_observed_vs_permuted,True,intrinsic|observed|graphsage_trained|knn_mean_distance|Historical Connection Frequency Context,intrinsic|degree_sequence_preserving_target_permutation|graphsage_trained|knn_mean_distance|Historical Connection Frequency Context,graphsage_trained,knn_mean_distance,Historical Connection Frequency Context,completed,0.22784,0.22784,0.0,0.0,0.0,0.0008778089887640449,0.0008778089887640449,0.0,0.0,0.0,1.0,1.0,False,False
unsw_nb15_raw,unsw_selection,selection,graphsage_observed_vs_permuted,True,intrinsic|observed|graphsage_trained|isolation_forest|Historical Connection Frequency Context,intrinsic|degree_sequence_preserving_target_permutation|graphsage_trained|isolation_forest|Historical Connection Frequency Context,graphsage_trained,isolation_forest,Historical Connection Frequency Context,completed,0.4349893843022929,0.40220724396445356,0.03278214033783933,0.0,0.19614609660905016,0.005091292134831461,0.005091292134831461,0.0,0.0,0.009197545984031184,0.5657694261046217,1.0,False,False
unsw_nb15_raw,unsw_selection,selection,graphsage_observed_vs_permuted,True,intrinsic|observed|graphsage_trained|hdbscan_rare_cluster|Historical Connection Frequency Context,intrinsic|degree_sequence_preserving_target_permutation|graphsage_trained|hdbscan_rare_cluster|Historical Connection Frequency Context,graphsage_trained,hdbscan_rare_cluster,Historical Connection Frequency Context,completed,0.21572603917181218,0.21572603917181218,0.0,-0.0008472626402379085,0.0,0.0,0.0,0.0,-0.0003659654651334206,0.0,1.0,1.0,False,False
unsw_nb15_raw,unsw_selection,selection,node2vec_observed_vs_permuted,True,intrinsic|observed|node2vec|knn_mean_distance|__none__,intrinsic|degree_sequence_preserving_target_permutation|node2vec|knn_mean_distance|__none__,node2vec,knn_mean_distance,,completed,0.22784,0.22784,0.0,0.0,0.0,0.0008778089887640449,0.0008778089887640449,0.0,0.0,0.0,1.0,1.0,False,False
unsw_nb15_raw,unsw_selection,selection,node2vec_observed_vs_permuted,True,intrinsic|observed|node2vec|isolation_forest|__none__,intrinsic|degree_sequence_preserving_target_permutation|node2vec|isolation_forest|__none__,node2vec,isolation_forest,,completed,0.25945005433510343,0.22796054178489336,0.03148951255021007,0.0,0.1033955968851335,0.01211376404494382,0.01211376404494382,0.0,0.0,0.0,0.34027425088877605,1.0,False,False
unsw_nb15_raw,unsw_selection,selection,node2vec_observed_vs_permuted,True,intrinsic|observed|node2vec|hdbscan_rare_cluster|__none__,intrinsic|degree_sequence_preserving_target_permutation|node2vec|hdbscan_rare_cluster|__none__,node2vec,hdbscan_rare_cluster,,completed,0.22688222879255832,0.2161595252247753,0.010722703567783015,-0.0006541883869720155,0.06332973174753943,0.0,0.0,0.0,-0.0009259980826884761,0.0003374572198695925,0.42051802945657696,1.0,False,False
unsw_nb15_raw,unsw_selection,selection,matched_vs_intrinsic,True,matched|observed|raw_session|knn_mean_distance|Payload Size and Transmission Throughput,intrinsic|observed|raw_session|knn_mean_distance|Payload Size and Transmission Throughput,raw_session,knn_mean_distance,Payload Size and Transmission Throughput,completed,0.2698253526423975,0.2736354959357945,-0.003810143293397017,-0.009271254947355123,0.015422118411576672,0.012816011235955056,0.012816011235955056,0.0,-0.012987012987012991,0.003843487897779252,0.9649568308786186,1.0,False,False
unsw_nb15_raw,unsw_selection,selection,matched_vs_intrinsic,True,matched|observed|raw_session|isolation_forest|Payload Size and Transmission Throughput,intrinsic|observed|raw_session|isolation_forest|Payload Size and Transmission Throughput,raw_session,isolation_forest,Payload Size and Transmission Throughput,completed,0.2245863710683696,0.2264379565855314,-0.0018515855171618023,-0.0026369503486180835,0.0018537152877881454,0.00860252808988764,0.007900280898876405,0.0007022471910112359,-0.0024330900243308973,0.0015766653527788718,0.5251396648044693,1.0,False,False
unsw_nb15_raw,unsw_selection,selection,matched_vs_intrinsic,True,matched|observed|raw_session|hdbscan_rare_cluster|Payload Size and Transmission Throughput,intrinsic|observed|raw_session|hdbscan_rare_cluster|Payload Size and Transmission Throughput,raw_session,hdbscan_rare_cluster,Payload Size and Transmission Throughput,completed,0.135713840194247,0.15341471171450488,-0.01770087152025787,-0.09273080616870875,0.11781432538307932,0.0,0.0012289325842696629,-0.0012289325842696629,-0.00927643784786642,0.0,0.7475876079228034,1.0,False,False
unsw_nb15_raw,unsw_selection,selection,matched_vs_intrinsic,True,matched|observed|raw_session|knn_mean_distance|TCP Handshake and Packet Timing,intrinsic|observed|raw_session|knn_mean_distance|TCP Handshake and Packet Timing,raw_session,knn_mean_distance,TCP Handshake and Packet Timing,completed,0.274642731712924,0.2749430072694957,-0.00030027555657169414,-0.001071958918034781,0.012728642651159389,0.0035112359550561797,0.0033356741573033707,0.00017556179775280898,-0.0013721185510428106,0.007067137809187274,0.665312341289995,1.0,False,False
unsw_nb15_raw,unsw_selection,selection,matched_vs_intrinsic,True,matched|observed|raw_session|isolation_forest|TCP Handshake and Packet Timing,intrinsic|observed|raw_session|isolation_forest|TCP Handshake and Packet Timing,raw_session,isolation_forest,TCP Handshake and Packet Timing,completed,0.22161348935237563,0.22170117274732679,-8.768339495116018e-05,-0.0022678215494221984,0.012254578926119773,0.0052668539325842695,0.004740168539325843,0.0005266853932584265,-0.00390625,0.0018552875695732746,0.5627221940071102,1.0,False,False
unsw_nb15_raw,unsw_selection,selection,matched_vs_intrinsic,True,matched|observed|raw_session|hdbscan_rare_cluster|TCP Handshake and Packet Timing,intrinsic|observed|raw_session|hdbscan_rare_cluster|TCP Handshake and Packet Timing,raw_session,hdbscan_rare_cluster,TCP Handshake and Packet Timing,completed,0.1771323476760716,0.2070167026353894,-0.029884354959317794,-0.12544373762076225,0.10229692331803,0.005091292134831461,0.0052668539325842695,-0.00017556179775280855,-0.0014641288433382138,0.020408163265306124,0.7262569832402235,1.0,False,False
unsw_nb15_raw,unsw_selection,selection,matched_vs_intrinsic,True,matched|observed|raw_session|knn_mean_distance|Historical Connection Frequency Context,intrinsic|observed|raw_session|knn_mean_distance|Historical Connection Frequency Context,raw_session,knn_mean_distance,Historical Connection Frequency Context,completed,0.25859375972025656,0.2659452417818069,-0.007351482061550341,-0.012897864303226998,0.04681426863900257,0.009655898876404494,0.009831460674157303,-0.00017556179775280942,-0.0034195171128603547,0.0022558814050918467,0.6216353478923311,1.0,False,False
unsw_nb15_raw,unsw_selection,selection,matched_vs_intrinsic,True,matched|observed|raw_session|isolation_forest|Historical Connection Frequency Context,intrinsic|observed|raw_session|isolation_forest|Historical Connection Frequency Context,raw_session,isolation_forest,Historical Connection Frequency Context,completed,0.46398353200932557,0.46306223604739655,0.0009212959619290251,-0.0007563806063585428,0.06044295047083256,0.007724719101123595,0.007724719101123595,0.0,-0.0006384266178723807,0.0002943490269173014,0.17166074149314373,1.0,False,False
unsw_nb15_raw,unsw_selection,selection,matched_vs_intrinsic,True,matched|observed|raw_session|hdbscan_rare_cluster|Historical Connection Frequency Context,intrinsic|observed|raw_session|hdbscan_rare_cluster|Historical Connection Frequency Context,raw_session,hdbscan_rare_cluster,Historical Connection Frequency Context,completed,0.482562606308723,0.45959495690615443,0.02296764940256857,-0.004244431688656231,0.21638301564142776,0.01211376404494382,0.010182584269662922,0.0019311797752808984,-0.0020862308762169685,0.006388586771803412,0.17369222955815133,1.0,False,False
unsw_nb15_raw,unsw_selection,selection,matched_vs_intrinsic,True,matched|observed|typed_structural_stats|knn_mean_distance|__none__,intrinsic|observed|typed_structural_stats|knn_mean_distance|__none__,typed_structural_stats,knn_mean_distance,,completed,0.22784,0.22784,0.0,0.0,0.0,0.0008778089887640449,0.0015800561797752809,-0.0007022471910112359,-0.0022167112961907387,0.0,1.0,1.0,False,False
unsw_nb15_raw,unsw_selection,selection,matched_vs_intrinsic,True,matched|observed|typed_structural_stats|isolation_forest|__none__,intrinsic|observed|typed_structural_stats|isolation_forest|__none__,typed_structural_stats,isolation_forest,,completed,0.34346999885340923,0.34447247999558417,-0.001002481142174938,-0.012705499801062304,-0.0007227323745220628,0.0,0.0,0.0,-0.0015256516941483588,0.0,0.001015744032503809,0.15540883697308278,False,False
unsw_nb15_raw,unsw_selection,selection,matched_vs_intrinsic,True,matched|observed|typed_structural_stats|hdbscan_rare_cluster|__none__,intrinsic|observed|typed_structural_stats|hdbscan_rare_cluster|__none__,typed_structural_stats,hdbscan_rare_cluster,,completed,0.16811024876614247,0.16842445292232955,-0.00031420415618707564,-0.001771389590056413,0.0,0.0,0.0,0.0,0.0,0.0,0.07313357034027425,1.0,False,False
unsw_nb15_raw,unsw_selection,selection,matched_vs_intrinsic,True,matched|observed|node2vec|knn_mean_distance|__none__,intrinsic|observed|node2vec|knn_mean_distance|__none__,node2vec,knn_mean_distance,,completed,0.22784,0.22784,0.0,0.0,0.0,0.000526685393258427,0.0008778089887640449,-0.00035112359550561797,-0.002342606149341142,0.0,1.0,1.0,False,False
unsw_nb15_raw,unsw_selection,selection,matched_vs_intrinsic,True,matched|observed|node2vec|isolation_forest|__none__,intrinsic|observed|node2vec|isolation_forest|__none__,node2vec,isolation_forest,,completed,0.25884159097849607,0.25945005433510343,-0.0006084633566073583,-0.004991472075578596,0.0007252109704640741,0.012816011235955056,0.01211376404494382,0.0007022471910112359,-0.002430899875216712,0.007421150278293126,0.07516505840528187,1.0,False,False
unsw_nb15_raw,unsw_selection,selection,matched_vs_intrinsic,True,matched|observed|node2vec|hdbscan_rare_cluster|__none__,intrinsic|observed|node2vec|hdbscan_rare_cluster|__none__,node2vec,hdbscan_rare_cluster,,completed,0.22648796754697295,0.22688222879255832,-0.00039426124558536446,-0.0044302150133954,0.0010313394197258043,0.0,0.0,0.0,0.0,0.00034764671162638126,0.33214829862874556,1.0,False,False
unsw_nb15_raw,unsw_selection,selection,matched_vs_intrinsic,True,matched|observed|graphsage_trained|knn_mean_distance|Payload Size and Transmission Throughput,intrinsic|observed|graphsage_trained|knn_mean_distance|Payload Size and Transmission Throughput,graphsage_trained,knn_mean_distance,Payload Size and Transmission Throughput,completed,0.22762849087217932,0.22784,-0.00021150912782066933,-0.00044878448203334724,0.0022186538655837545,0.002106741573033708,0.0008778089887640449,0.0012289325842696629,-0.001169931784712587,0.018867924528301886,1.0,1.0,False,False
unsw_nb15_raw,unsw_selection,selection,matched_vs_intrinsic,True,matched|observed|graphsage_trained|isolation_forest|Payload Size and Transmission Throughput,intrinsic|observed|graphsage_trained|isolation_forest|Payload Size and Transmission Throughput,graphsage_trained,isolation_forest,Payload Size and Transmission Throughput,completed,0.48886012391282063,0.49108664950580816,-0.002226525592987527,-0.011364897018174645,-0.0009457366069230171,0.0049157303370786515,0.005793539325842697,-0.0008778089887640454,-0.016372912801484223,0.00028890413638174117,0.001015744032503809,0.15540883697308278,False,False
unsw_nb15_raw,unsw_selection,selection,matched_vs_intrinsic,True,matched|observed|graphsage_trained|hdbscan_rare_cluster|Payload Size and Transmission Throughput,intrinsic|observed|graphsage_trained|hdbscan_rare_cluster|Payload Size and Transmission Throughput,graphsage_trained,hdbscan_rare_cluster,Payload Size and Transmission Throughput,completed,0.19782165177087885,0.1988119571472605,-0.000990305376381645,-0.013119904507494489,0.0,0.0,0.0,0.0,-0.0013003901170351101,0.0002453315928996343,0.07313357034027425,1.0,False,False
unsw_nb15_raw,unsw_selection,selection,matched_vs_intrinsic,True,matched|observed|graphsage_trained|knn_mean_distance|TCP Handshake and Packet Timing,intrinsic|observed|graphsage_trained|knn_mean_distance|TCP Handshake and Packet Timing,graphsage_trained,knn_mean_distance,TCP Handshake and Packet Timing,completed,0.22784,0.22784,0.0,0.0,0.0,0.0,0.0008778089887640449,-0.0008778089887640449,-0.0027130477768342433,0.0,1.0,1.0,False,False
unsw_nb15_raw,unsw_selection,selection,matched_vs_intrinsic,True,matched|observed|graphsage_trained|isolation_forest|TCP Handshake and Packet Timing,intrinsic|observed|graphsage_trained|isolation_forest|TCP Handshake and Packet Timing,graphsage_trained,isolation_forest,TCP Handshake and Packet Timing,completed,0.4786724084888088,0.479878612653676,-0.001206204164867164,-0.004991472075578596,-0.0007545157355133363,0.012640449438202247,0.012816011235955056,-0.00017556179775280942,-0.0035335689045936647,0.0007055918151349441,0.0030472320975114273,0.4113763331640427,False,False
unsw_nb15_raw,unsw_selection,selection,matched_vs_intrinsic,True,matched|observed|graphsage_trained|hdbscan_rare_cluster|TCP Handshake and Packet Timing,intrinsic|observed|graphsage_trained|hdbscan_rare_cluster|TCP Handshake and Packet Timing,graphsage_trained,hdbscan_rare_cluster,TCP Handshake and Packet Timing,completed,0.21592013896709994,0.21615718422529998,-0.00023704525820003597,-0.012856085351748233,0.003050737107110274,0.0,0.0,0.0,-0.00012057326796740456,0.0014855641894156704,0.5667851701371255,1.0,False,False
unsw_nb15_raw,unsw_selection,selection,matched_vs_intrinsic,True,matched|observed|graphsage_trained|knn_mean_distance|Historical Connection Frequency Context,intrinsic|observed|graphsage_trained|knn_mean_distance|Historical Connection Frequency Context,graphsage_trained,knn_mean_distance,Historical Connection Frequency Context,completed,0.2277696198245344,0.22784,-7.038017546559527e-05,-0.00016018295469835407,0.00014143930948973593,0.0012289325842696629,0.0008778089887640449,0.00035112359550561797,-0.0006788593638576147,0.0037105751391465673,1.0,1.0,False,False
unsw_nb15_raw,unsw_selection,selection,matched_vs_intrinsic,True,matched|observed|graphsage_trained|isolation_forest|Historical Connection Frequency Context,intrinsic|observed|graphsage_trained|isolation_forest|Historical Connection Frequency Context,graphsage_trained,isolation_forest,Historical Connection Frequency Context,completed,0.43328632882383145,0.4349893843022929,-0.001703055478461446,-0.01782655012424289,0.00039736643218029634,0.005793539325842697,0.005091292134831461,0.0007022471910112359,-0.006606299087489088,0.007421150278293133,0.07516505840528187,1.0,False,False
unsw_nb15_raw,unsw_selection,selection,matched_vs_intrinsic,True,matched|observed|graphsage_trained|hdbscan_rare_cluster|Historical Connection Frequency Context,intrinsic|observed|graphsage_trained|hdbscan_rare_cluster|Historical Connection Frequency Context,graphsage_trained,hdbscan_rare_cluster,Historical Connection Frequency Context,completed,0.21442856698853896,0.21572603917181218,-0.0012974721832732239,-0.015214175708336133,0.0,0.0,0.0,0.0,-0.003267436838560612,0.00011570423438335294,0.07313357034027425,1.0,False,False
unsw_nb15_raw,unsw_selection,selection,matched_vs_intrinsic,True,matched|observed|dominant_style_trained|dominant_joint_reconstruction|Payload Size and Transmission Throughput,intrinsic|observed|dominant_style_trained|dominant_joint_reconstruction|Payload Size and Transmission Throughput,dominant_style_trained,dominant_joint_reconstruction,Payload Size and Transmission Throughput,completed,0.5172848298239091,0.5190770367260618,-0.0017922069021526488,-0.0033269099873743657,0.0006137797789366657,0.006320224719101123,0.005793539325842697,0.0005266853932584265,0.0,0.002126859542110536,0.20518029456576942,1.0,False,False
unsw_nb15_raw,unsw_selection,selection,matched_vs_intrinsic,True,matched|observed|dominant_style_trained|dominant_joint_reconstruction|TCP Handshake and Packet Timing,intrinsic|observed|dominant_style_trained|dominant_joint_reconstruction|TCP Handshake and Packet Timing,dominant_style_trained,dominant_joint_reconstruction,TCP Handshake and Packet Timing,completed,0.4963305231143244,0.49725078511877624,-0.0009202620044518328,-0.004069914383123835,0.0032582074709381075,0.010533707865168539,0.010884831460674158,-0.00035112359550561884,-0.003533568904593637,0.00036948087936449284,0.15947181310309802,1.0,False,False
unsw_nb15_raw,unsw_selection,selection,matched_vs_intrinsic,True,matched|observed|dominant_style_trained|dominant_joint_reconstruction|Historical Connection Frequency Context,intrinsic|observed|dominant_style_trained|dominant_joint_reconstruction|Historical Connection Frequency Context,dominant_style_trained,dominant_joint_reconstruction,Historical Connection Frequency Context,completed,0.5824816513423852,0.5844716542789932,-0.001990002936608004,-0.005704364004736292,-6.231308034843027e-05,0.0,0.0,0.0,0.0,0.0,0.037582529202640935,1.0,False,False
unsw_nb15_raw,unsw_selection,selection,candidate_vs_random,True,intrinsic|observed|dominant_style_trained|dominant_joint_reconstruction|Historical Connection Frequency Context,intrinsic|observed|random_score|random|__none__,dominant_style_trained,dominant_joint_reconstruction,Historical Connection Frequency Context,completed,0.5844716542789932,0.2301724896891592,0.35429916458983396,0.03918155525957235,0.7239074950141339,0.0,0.0035112359550561797,-0.0035112359550561797,-0.0056051311522655215,0.0061338114898672556,0.001015744032503809,0.15540883697308278,False,False
unsw_nb15_raw,unsw_selection,selection,candidate_vs_random,True,intrinsic|observed|dominant_style_trained|dominant_joint_reconstruction|Payload Size and Transmission Throughput,intrinsic|observed|random_score|random|__none__,dominant_style_trained,dominant_joint_reconstruction,Payload Size and Transmission Throughput,completed,0.5190770367260618,0.2301724896891592,0.28890454703690255,-0.00709177020514222,0.6529230558595166,0.005793539325842697,0.0035112359550561797,0.0022823033707865172,-0.005319148936170213,0.0055828525363590545,0.16251904520060945,1.0,False,False
unsw_nb15_raw,unsw_selection,selection,candidate_vs_random,True,intrinsic|observed|dominant_style_trained|dominant_joint_reconstruction|TCP Handshake and Packet Timing,intrinsic|observed|random_score|random|__none__,dominant_style_trained,dominant_joint_reconstruction,TCP Handshake and Packet Timing,completed,0.49725078511877624,0.2301724896891592,0.26707829542961703,0.12169851766505618,0.642877251612357,0.010884831460674158,0.0035112359550561797,0.007373595505617978,-0.004520166898470098,0.13415400853563403,0.001015744032503809,0.15540883697308278,False,False
unsw_nb15_raw,unsw_selection,selection,candidate_vs_random,True,intrinsic|observed|graphsage_trained|hdbscan_rare_cluster|Historical Connection Frequency Context,intrinsic|observed|random_score|random|__none__,graphsage_trained,hdbscan_rare_cluster,Historical Connection Frequency Context,completed,0.21572603917181218,0.2301724896891592,-0.014446450517347026,-0.06953221485091424,0.5451024926180671,0.0,0.0035112359550561797,-0.0035112359550561797,-0.005673758865248227,0.013430161631528142,0.867445403758253,1.0,False,False
unsw_nb15_raw,unsw_selection,selection,candidate_vs_random,True,intrinsic|observed|graphsage_trained|hdbscan_rare_cluster|Payload Size and Transmission Throughput,intrinsic|observed|random_score|random|__none__,graphsage_trained,hdbscan_rare_cluster,Payload Size and Transmission Throughput,completed,0.1988119571472605,0.2301724896891592,-0.03136053254189872,-0.0728593016862667,0.5122803550665577,0.0,0.0035112359550561797,-0.0035112359550561797,-0.005673758865248227,0.009765625,0.9547993905535805,1.0,False,False
unsw_nb15_raw,unsw_selection,selection,candidate_vs_random,True,intrinsic|observed|graphsage_trained|hdbscan_rare_cluster|TCP Handshake and Packet Timing,intrinsic|observed|random_score|random|__none__,graphsage_trained,hdbscan_rare_cluster,TCP Handshake and Packet Timing,completed,0.21615718422529998,0.2301724896891592,-0.014015305463859234,-0.06961612165835526,0.5477027754482904,0.0,0.0035112359550561797,-0.0035112359550561797,-0.005673758865248227,0.01219303625526873,0.8664296597257491,1.0,False,False
unsw_nb15_raw,unsw_selection,selection,candidate_vs_random,True,intrinsic|observed|graphsage_trained|isolation_forest|Historical Connection Frequency Context,intrinsic|observed|random_score|random|__none__,graphsage_trained,isolation_forest,Historical Connection Frequency Context,completed,0.4349893843022929,0.2301724896891592,0.20481689461313368,0.08818056948835715,0.6274037955575299,0.005091292134831461,0.0035112359550561797,0.0015800561797752813,-0.005059302662337715,0.1166077738515901,0.001015744032503809,0.15540883697308278,False,False
unsw_nb15_raw,unsw_selection,selection,candidate_vs_random,True,intrinsic|observed|graphsage_trained|isolation_forest|Payload Size and Transmission Throughput,intrinsic|observed|random_score|random|__none__,graphsage_trained,isolation_forest,Payload Size and Transmission Throughput,completed,0.49108664950580816,0.2301724896891592,0.26091415981664895,0.13060438352424644,0.6274458136198708,0.005793539325842697,0.0035112359550561797,0.0022823033707865172,-0.005049502228898735,0.08323301977040823,0.001015744032503809,0.15540883697308278,False,False
unsw_nb15_raw,unsw_selection,selection,candidate_vs_random,True,intrinsic|observed|graphsage_trained|isolation_forest|TCP Handshake and Packet Timing,intrinsic|observed|random_score|random|__none__,graphsage_trained,isolation_forest,TCP Handshake and Packet Timing,completed,0.479878612653676,0.2301724896891592,0.24970612296451677,0.11658414071646862,0.6409542559467067,0.012816011235955056,0.0035112359550561797,0.009304775280898877,-0.004384042086804033,0.254416961130742,0.001015744032503809,0.15540883697308278,False,False
unsw_nb15_raw,unsw_selection,selection,candidate_vs_random,True,intrinsic|observed|graphsage_trained|knn_mean_distance|Historical Connection Frequency Context,intrinsic|observed|random_score|random|__none__,graphsage_trained,knn_mean_distance,Historical Connection Frequency Context,completed,0.22784,0.2301724896891592,-0.002332489689159223,-0.42355437142062125,0.001519645162058835,0.0008778089887640449,0.0035112359550561797,-0.0026334269662921348,-0.0053191489361702135,0.0006824610359131864,0.22041645505332655,1.0,False,False
unsw_nb15_raw,unsw_selection,selection,candidate_vs_random,True,intrinsic|observed|graphsage_trained|knn_mean_distance|Payload Size and Transmission Throughput,intrinsic|observed|random_score|random|__none__,graphsage_trained,knn_mean_distance,Payload Size and Transmission Throughput,completed,0.22784,0.2301724896891592,-0.002332489689159223,-0.42355437142062125,0.001519645162058835,0.0008778089887640449,0.0035112359550561797,-0.0026334269662921348,-0.0053191489361702135,0.0006824610359131864,0.22041645505332655,1.0,False,False
unsw_nb15_raw,unsw_selection,selection,candidate_vs_random,True,intrinsic|observed|graphsage_trained|knn_mean_distance|TCP Handshake and Packet Timing,intrinsic|observed|random_score|random|__none__,graphsage_trained,knn_mean_distance,TCP Handshake and Packet Timing,completed,0.22784,0.2301724896891592,-0.002332489689159223,-0.42355437142062125,0.001519645162058835,0.0008778089887640449,0.0035112359550561797,-0.0026334269662921348,-0.0053191489361702135,0.0006824610359131864,0.22041645505332655,1.0,False,False
unsw_nb15_raw,unsw_selection,selection,candidate_vs_random,True,intrinsic|observed|node2vec|hdbscan_rare_cluster|__none__,intrinsic|observed|random_score|random|__none__,node2vec,hdbscan_rare_cluster,,completed,0.22688222879255832,0.2301724896891592,-0.003290260896600894,-0.06074513341881733,0.5470354957788486,0.0,0.0035112359550561797,-0.0035112359550561797,-0.005673758865248227,0.012981659094733302,0.7150837988826816,1.0,False,False
unsw_nb15_raw,unsw_selection,selection,candidate_vs_random,True,intrinsic|observed|node2vec|isolation_forest|__none__,intrinsic|observed|random_score|random|__none__,node2vec,isolation_forest,,completed,0.25945005433510343,0.2301724896891592,0.02927756464594422,-0.048986767177151974,0.6376347627307006,0.01211376404494382,0.0035112359550561797,0.00860252808988764,-0.004384042086804033,0.2579505300353357,0.3240223463687151,1.0,False,False
unsw_nb15_raw,unsw_selection,selection,candidate_vs_random,True,intrinsic|observed|node2vec|knn_mean_distance|__none__,intrinsic|observed|random_score|random|__none__,node2vec,knn_mean_distance,,completed,0.22784,0.2301724896891592,-0.002332489689159223,-0.42355437142062125,0.001519645162058835,0.0008778089887640449,0.0035112359550561797,-0.0026334269662921348,-0.0053191489361702135,0.0006824610359131864,0.22041645505332655,1.0,False,False
unsw_nb15_raw,unsw_selection,selection,candidate_vs_random,True,intrinsic|observed|raw_session|hdbscan_rare_cluster|Historical Connection Frequency Context,intrinsic|observed|random_score|random|__none__,raw_session,hdbscan_rare_cluster,Historical Connection Frequency Context,completed,0.45959495690615443,0.2301724896891592,0.22942246721699522,-0.05519326083848866,0.3026589687253656,0.010182584269662922,0.0035112359550561797,0.006671348314606742,-0.0031135657295796415,0.023103031008955843,0.3859827323514474,1.0,False,False
unsw_nb15_raw,unsw_selection,selection,candidate_vs_random,True,intrinsic|observed|raw_session|hdbscan_rare_cluster|Payload Size and Transmission Throughput,intrinsic|observed|random_score|random|__none__,raw_session,hdbscan_rare_cluster,Payload Size and Transmission Throughput,completed,0.15341471171450488,0.2301724896891592,-0.07675777797465433,-0.28759913359891925,-0.004850336513346953,0.0012289325842696629,0.0035112359550561797,-0.002282303370786517,-0.0035335689045936395,0.0074211502782931356,0.001015744032503809,0.15540883697308278,False,False
unsw_nb15_raw,unsw_selection,selection,candidate_vs_random,True,intrinsic|observed|raw_session|hdbscan_rare_cluster|TCP Handshake and Packet Timing,intrinsic|observed|random_score|random|__none__,raw_session,hdbscan_rare_cluster,TCP Handshake and Packet Timing,completed,0.2070167026353894,0.2301724896891592,-0.023155787053769805,-0.28688844805944985,0.15085559047357408,0.0052668539325842695,0.0035112359550561797,0.0017556179775280898,-0.0020004400342875568,0.021201413427561835,0.3057389537836465,1.0,False,False
unsw_nb15_raw,unsw_selection,selection,candidate_vs_random,True,intrinsic|observed|raw_session|isolation_forest|Historical Connection Frequency Context,intrinsic|observed|random_score|random|__none__,raw_session,isolation_forest,Historical Connection Frequency Context,completed,0.46306223604739655,0.2301724896891592,0.23288974635823734,-0.025231720226447003,0.3351422680329967,0.007724719101123595,0.0035112359550561797,0.004213483146067416,-0.0035335689045936395,0.020002027788256417,0.26714068054850176,1.0,False,False
unsw_nb15_raw,unsw_selection,selection,candidate_vs_random,True,intrinsic|observed|raw_session|isolation_forest|Payload Size and Transmission Throughput,intrinsic|observed|random_score|random|__none__,raw_session,isolation_forest,Payload Size and Transmission Throughput,completed,0.2264379565855314,0.2301724896891592,-0.003734533103627813,-0.16557393037654566,0.14481110751009674,0.007900280898876405,0.0035112359550561797,0.004389044943820225,-0.001390820584144646,0.06713780918727916,0.5393600812595226,1.0,False,False
unsw_nb15_raw,unsw_selection,selection,candidate_vs_random,True,intrinsic|observed|raw_session|isolation_forest|TCP Handshake and Packet Timing,intrinsic|observed|random_score|random|__none__,raw_session,isolation_forest,TCP Handshake and Packet Timing,completed,0.22170117274732679,0.2301724896891592,-0.008471316941832424,-0.30075526855667545,0.42756968461465145,0.004740168539325843,0.0035112359550561797,0.0012289325842696633,-0.003767609118650731,0.1519434628975265,0.7282884713052311,1.0,False,False
unsw_nb15_raw,unsw_selection,selection,candidate_vs_random,True,intrinsic|observed|raw_session|knn_mean_distance|Historical Connection Frequency Context,intrinsic|observed|random_score|random|__none__,raw_session,knn_mean_distance,Historical Connection Frequency Context,completed,0.2659452417818069,0.2301724896891592,0.035772752092647686,-0.15354105875156845,0.044703853329488126,0.009831460674157303,0.0035112359550561797,0.006320224719101123,0.0016629875376653154,0.015625,0.8786185881157949,1.0,False,False
unsw_nb15_raw,unsw_selection,selection,candidate_vs_random,True,intrinsic|observed|raw_session|knn_mean_distance|Payload Size and Transmission Throughput,intrinsic|observed|random_score|random|__none__,raw_session,knn_mean_distance,Payload Size and Transmission Throughput,completed,0.2736354959357945,0.2301724896891592,0.043463006246635294,-0.3493131189166877,0.39215652970038867,0.012816011235955056,0.0035112359550561797,0.009304775280898877,0.002437364020283905,0.1376183607553004,0.6124936515997969,1.0,False,False
unsw_nb15_raw,unsw_selection,selection,candidate_vs_random,True,intrinsic|observed|raw_session|knn_mean_distance|TCP Handshake and Packet Timing,intrinsic|observed|random_score|random|__none__,raw_session,knn_mean_distance,TCP Handshake and Packet Timing,completed,0.2749430072694957,0.2301724896891592,0.04477051758033651,-0.3596966623361825,0.45729062368118506,0.0033356741573033707,0.0035112359550561797,-0.00017556179775280898,-0.00352898627392333,0.13780918727915195,0.6449974606399187,1.0,False,False
unsw_nb15_raw,unsw_selection,selection,candidate_vs_random,True,intrinsic|observed|typed_structural_stats|hdbscan_rare_cluster|__none__,intrinsic|observed|random_score|random|__none__,typed_structural_stats,hdbscan_rare_cluster,,completed,0.16842445292232955,0.2301724896891592,-0.06174803676682966,-0.09188359227712532,0.0007885222813726267,0.0,0.0035112359550561797,-0.0035112359550561797,-0.005673758865248227,0.0,0.0792280345352971,1.0,False,False
unsw_nb15_raw,unsw_selection,selection,candidate_vs_random,True,intrinsic|observed|typed_structural_stats|isolation_forest|__none__,intrinsic|observed|random_score|random|__none__,typed_structural_stats,isolation_forest,,completed,0.34447247999558417,0.2301724896891592,0.11429999030642496,0.02890661673173052,0.5666974682421122,0.0,0.0035112359550561797,-0.0035112359550561797,-0.0055755985569039025,0.04925864989583136,0.01015744032503809,1.0,False,False
unsw_nb15_raw,unsw_selection,selection,candidate_vs_random,True,intrinsic|observed|typed_structural_stats|knn_mean_distance|__none__,intrinsic|observed|random_score|random|__none__,typed_structural_stats,knn_mean_distance,,completed,0.22784,0.2301724896891592,-0.002332489689159223,-0.42355437142062125,0.001519645162058835,0.0015800561797752809,0.0035112359550561797,-0.0019311797752808988,-0.004822446295484437,0.0018552875695732839,0.22041645505332655,1.0,False,False
unsw_nb15_raw,unsw_selection,selection,candidate_vs_random,True,matched|observed|dominant_style_trained|dominant_joint_reconstruction|Historical Connection Frequency Context,intrinsic|observed|random_score|random|__none__,dominant_style_trained,dominant_joint_reconstruction,Historical Connection Frequency Context,completed,0.5824816513423852,0.2301724896891592,0.35230916165322596,0.03723477925530377,0.7219961428269279,0.0,0.0035112359550561797,-0.0035112359550561797,-0.0056051311522655215,0.0061338114898672556,0.001015744032503809,0.15540883697308278,False,False
unsw_nb15_raw,unsw_selection,selection,candidate_vs_random,True,matched|observed|dominant_style_trained|dominant_joint_reconstruction|Payload Size and Transmission Throughput,intrinsic|observed|random_score|random|__none__,dominant_style_trained,dominant_joint_reconstruction,Payload Size and Transmission Throughput,completed,0.5172848298239091,0.2301724896891592,0.2871123401347499,-0.00798240181311354,0.6527191272554103,0.006320224719101123,0.0035112359550561797,0.0028089887640449437,-0.005319148936170213,0.0065494610531478545,0.17470797359065515,1.0,False,False
unsw_nb15_raw,unsw_selection,selection,candidate_vs_random,True,matched|observed|dominant_style_trained|dominant_joint_reconstruction|TCP Handshake and Packet Timing,intrinsic|observed|random_score|random|__none__,dominant_style_trained,dominant_joint_reconstruction,TCP Handshake and Packet Timing,completed,0.4963305231143244,0.2301724896891592,0.2661580334251652,0.12036722382897387,0.6411880612945489,0.010533707865168539,0.0035112359550561797,0.007022471910112359,-0.004520166898470098,0.1323717360378138,0.001015744032503809,0.15540883697308278,False,False
unsw_nb15_raw,unsw_selection,selection,candidate_vs_random,True,matched|observed|graphsage_trained|hdbscan_rare_cluster|Historical Connection Frequency Context,intrinsic|observed|random_score|random|__none__,graphsage_trained,hdbscan_rare_cluster,Historical Connection Frequency Context,completed,0.21442856698853896,0.2301724896891592,-0.01574392270062025,-0.07057524548828494,0.5330280095520145,0.0,0.0035112359550561797,-0.0035112359550561797,-0.005673758865248227,0.012309785824162832,0.8836973082783138,1.0,False,False
unsw_nb15_raw,unsw_selection,selection,candidate_vs_random,True,matched|observed|graphsage_trained|hdbscan_rare_cluster|Payload Size and Transmission Throughput,intrinsic|observed|random_score|random|__none__,graphsage_trained,hdbscan_rare_cluster,Payload Size and Transmission Throughput,completed,0.19782165177087885,0.2301724896891592,-0.03235083791828036,-0.07360953310999967,0.5051574941832834,0.0,0.0035112359550561797,-0.0035112359550561797,-0.005673758865248227,0.008386280993811404,0.941594718131031,1.0,False,False
unsw_nb15_raw,unsw_selection,selection,candidate_vs_random,True,matched|observed|graphsage_trained|hdbscan_rare_cluster|TCP Handshake and Packet Timing,intrinsic|observed|random_score|random|__none__,graphsage_trained,hdbscan_rare_cluster,TCP Handshake and Packet Timing,completed,0.21592013896709994,0.2301724896891592,-0.01425235072205927,-0.07000139538432545,0.5465686907720257,0.0,0.0035112359550561797,-0.0035112359550561797,-0.005673758865248227,0.012981659094733302,0.8725241239207719,1.0,False,False
unsw_nb15_raw,unsw_selection,selection,candidate_vs_random,True,matched|observed|graphsage_trained|isolation_forest|Historical Connection Frequency Context,intrinsic|observed|random_score|random|__none__,graphsage_trained,isolation_forest,Historical Connection Frequency Context,completed,0.43328632882383145,0.2301724896891592,0.20311383913467224,0.08735457514096917,0.6267091820723734,0.005793539325842697,0.0035112359550561797,0.0022823033707865172,-0.005059302662337715,0.12890625,0.001015744032503809,0.15540883697308278,False,False
unsw_nb15_raw,unsw_selection,selection,candidate_vs_random,True,matched|observed|graphsage_trained|isolation_forest|Payload Size and Transmission Throughput,intrinsic|observed|random_score|random|__none__,graphsage_trained,isolation_forest,Payload Size and Transmission Throughput,completed,0.48886012391282063,0.2301724896891592,0.2586876342236614,0.1288532901509101,0.6255656469914661,0.0049157303370786515,0.0035112359550561797,0.0014044943820224719,-0.005252927674280917,0.06810954063604245,0.001015744032503809,0.15540883697308278,False,False
unsw_nb15_raw,unsw_selection,selection,candidate_vs_random,True,matched|observed|graphsage_trained|isolation_forest|TCP Handshake and Packet Timing,intrinsic|observed|random_score|random|__none__,graphsage_trained,isolation_forest,TCP Handshake and Packet Timing,completed,0.4786724084888088,0.2301724896891592,0.2484999187996496,0.11508374871377099,0.6373720055698117,0.012640449438202247,0.0035112359550561797,0.009129213483146067,-0.004384042086804033,0.24609375,0.001015744032503809,0.15540883697308278,False,False
unsw_nb15_raw,unsw_selection,selection,candidate_vs_random,True,matched|observed|graphsage_trained|knn_mean_distance|Historical Connection Frequency Context,intrinsic|observed|random_score|random|__none__,graphsage_trained,knn_mean_distance,Historical Connection Frequency Context,completed,0.2277696198245344,0.2301724896891592,-0.002402869864624818,-0.42355197603005107,0.0015011217272011626,0.0012289325842696629,0.0035112359550561797,-0.002282303370786517,-0.005270485847011649,0.0055658627087198514,0.21838496698831894,1.0,False,False
unsw_nb15_raw,unsw_selection,selection,candidate_vs_random,True,matched|observed|graphsage_trained|knn_mean_distance|Payload Size and Transmission Throughput,intrinsic|observed|random_score|random|__none__,graphsage_trained,knn_mean_distance,Payload Size and Transmission Throughput,completed,0.22762849087217932,0.2301724896891592,-0.002543998816979892,-0.4234836050830733,0.002679065670400119,0.002106741573033708,0.0035112359550561797,-0.0014044943820224719,-0.005288250527450544,0.018867924528301886,0.21736922295581512,1.0,False,False
unsw_nb15_raw,unsw_selection,selection,candidate_vs_random,True,matched|observed|graphsage_trained|knn_mean_distance|TCP Handshake and Packet Timing,intrinsic|observed|random_score|random|__none__,graphsage_trained,knn_mean_distance,TCP Handshake and Packet Timing,completed,0.22784,0.2301724896891592,-0.002332489689159223,-0.42355437142062125,0.001519645162058835,0.0,0.0035112359550561797,-0.0035112359550561797,-0.005670729003692842,0.0,0.22041645505332655,1.0,False,False
unsw_nb15_raw,unsw_selection,selection,candidate_vs_random,True,matched|observed|node2vec|hdbscan_rare_cluster|__none__,intrinsic|observed|random_score|random|__none__,node2vec,hdbscan_rare_cluster,,completed,0.22648796754697295,0.2301724896891592,-0.0036845221421862584,-0.06118640790782846,0.5437017391089288,0.0,0.0035112359550561797,-0.0035112359550561797,-0.005673758865248227,0.016087968635138516,0.7191467750126967,1.0,False,False
unsw_nb15_raw,unsw_selection,selection,candidate_vs_random,True,matched|observed|node2vec|isolation_forest|__none__,intrinsic|observed|random_score|random|__none__,node2vec,isolation_forest,,completed,0.25884159097849607,0.2301724896891592,0.028669101289336862,-0.04994773014924518,0.6366183711113443,0.012816011235955056,0.0035112359550561797,0.009304775280898877,-0.004384042086804033,0.2579505300353357,0.3291010665312341,1.0,False,False
unsw_nb15_raw,unsw_selection,selection,candidate_vs_random,True,matched|observed|node2vec|knn_mean_distance|__none__,intrinsic|observed|random_score|random|__none__,node2vec,knn_mean_distance,,completed,0.22784,0.2301724896891592,-0.002332489689159223,-0.42355437142062125,0.001519645162058835,0.000526685393258427,0.0035112359550561797,-0.0029845505617977527,-0.005631986606472264,0.0,0.22041645505332655,1.0,False,False
unsw_nb15_raw,unsw_selection,selection,candidate_vs_random,True,matched|observed|raw_session|hdbscan_rare_cluster|Historical Connection Frequency Context,intrinsic|observed|random_score|random|__none__,raw_session,hdbscan_rare_cluster,Historical Connection Frequency Context,completed,0.482562606308723,0.2301724896891592,0.2523901166195638,-0.027051419437303464,0.40339047034866626,0.01211376404494382,0.0035112359550561797,0.00860252808988764,-0.0024330900243309003,0.02418096723868955,0.25190452006094466,1.0,False,False
unsw_nb15_raw,unsw_selection,selection,candidate_vs_random,True,matched|observed|raw_session|hdbscan_rare_cluster|Payload Size and Transmission Throughput,intrinsic|observed|random_score|random|__none__,raw_session,hdbscan_rare_cluster,Payload Size and Transmission Throughput,completed,0.135713840194247,0.2301724896891592,-0.0944586494949122,-0.23984880928578944,-0.005131871950271959,0.0,0.0035112359550561797,-0.0035112359550561797,-0.005037459103409045,0.0,0.0030472320975114273,0.4113763331640427,False,False
unsw_nb15_raw,unsw_selection,selection,candidate_vs_random,True,matched|observed|raw_session|hdbscan_rare_cluster|TCP Handshake and Packet Timing,intrinsic|observed|random_score|random|__none__,raw_session,hdbscan_rare_cluster,TCP Handshake and Packet Timing,completed,0.1771323476760716,0.2301724896891592,-0.0530401420130876,-0.32802263925945374,0.05928703128226025,0.005091292134831461,0.0035112359550561797,0.0015800561797752813,-0.002211713844038847,0.04410416290526426,0.244794311833418,1.0,False,False
unsw_nb15_raw,unsw_selection,selection,candidate_vs_random,True,matched|observed|raw_session|isolation_forest|Historical Connection Frequency Context,intrinsic|observed|random_score|random|__none__,raw_session,isolation_forest,Historical Connection Frequency Context,completed,0.46398353200932557,0.2301724896891592,0.23381104232016636,-0.02326622761135512,0.3637312875162299,0.007724719101123595,0.0035112359550561797,0.004213483146067416,-0.0035335689045936395,0.020002027788256417,0.25393600812595224,1.0,False,False
unsw_nb15_raw,unsw_selection,selection,candidate_vs_random,True,matched|observed|raw_session|isolation_forest|Payload Size and Transmission Throughput,intrinsic|observed|random_score|random|__none__,raw_session,isolation_forest,Payload Size and Transmission Throughput,completed,0.2245863710683696,0.2301724896891592,-0.005586118620789615,-0.16493542482370246,0.1451034268139713,0.00860252808988764,0.0035112359550561797,0.005091292134831461,-0.0010431154381084842,0.06318778394750137,0.521076688674454,1.0,False,False
unsw_nb15_raw,unsw_selection,selection,candidate_vs_random,True,matched|observed|raw_session|isolation_forest|TCP Handshake and Packet Timing,intrinsic|observed|random_score|random|__none__,raw_session,isolation_forest,TCP Handshake and Packet Timing,completed,0.22161348935237563,0.2301724896891592,-0.008559000336783584,-0.29861304394517657,0.4355093152606288,0.0052668539325842695,0.0035112359550561797,0.0017556179775280898,-0.0036952722011493683,0.15901060070671377,0.7343829355002539,1.0,False,False
unsw_nb15_raw,unsw_selection,selection,candidate_vs_random,True,matched|observed|raw_session|knn_mean_distance|Historical Connection Frequency Context,intrinsic|observed|random_score|random|__none__,raw_session,knn_mean_distance,Historical Connection Frequency Context,completed,0.25859375972025656,0.2301724896891592,0.028421270031097345,-0.1158205977292999,0.039321606346091977,0.009655898876404494,0.0035112359550561797,0.006144662921348314,0.001392589402022651,0.015625,0.9608938547486033,1.0,False,False
unsw_nb15_raw,unsw_selection,selection,candidate_vs_random,True,matched|observed|raw_session|knn_mean_distance|Payload Size and Transmission Throughput,intrinsic|observed|random_score|random|__none__,raw_session,knn_mean_distance,Payload Size and Transmission Throughput,completed,0.2698253526423975,0.2301724896891592,0.03965286295323828,-0.34341371534020193,0.39969270212299995,0.012816011235955056,0.0035112359550561797,0.009304775280898877,0.0025399663564583757,0.13671875,0.6683595733875064,1.0,False,False
unsw_nb15_raw,unsw_selection,selection,candidate_vs_random,True,matched|observed|raw_session|knn_mean_distance|TCP Handshake and Packet Timing,intrinsic|observed|random_score|random|__none__,raw_session,knn_mean_distance,TCP Handshake and Packet Timing,completed,0.274642731712924,0.2301724896891592,0.04447024202376482,-0.36014897229097603,0.4735615138428831,0.0035112359550561797,0.0035112359550561797,0.0,-0.0036264732547597466,0.13780918727915195,0.6449974606399187,1.0,False,False
unsw_nb15_raw,unsw_selection,selection,candidate_vs_random,True,matched|observed|typed_structural_stats|hdbscan_rare_cluster|__none__,intrinsic|observed|random_score|random|__none__,typed_structural_stats,hdbscan_rare_cluster,,completed,0.16811024876614247,0.2301724896891592,-0.06206224092301674,-0.09263174653840253,0.00032678683517814786,0.0,0.0035112359550561797,-0.0035112359550561797,-0.005673758865248227,0.0,0.0670391061452514,1.0,False,False
unsw_nb15_raw,unsw_selection,selection,candidate_vs_random,True,matched|observed|typed_structural_stats|isolation_forest|__none__,intrinsic|observed|random_score|random|__none__,typed_structural_stats,isolation_forest,,completed,0.34346999885340923,0.2301724896891592,0.11329750916425002,0.02806339406199687,0.5632969887637792,0.0,0.0035112359550561797,-0.0035112359550561797,-0.0055755985569039025,0.04823747680890538,0.01015744032503809,1.0,False,False
unsw_nb15_raw,unsw_selection,selection,candidate_vs_random,True,matched|observed|typed_structural_stats|knn_mean_distance|__none__,intrinsic|observed|random_score|random|__none__,typed_structural_stats,knn_mean_distance,,completed,0.22784,0.2301724896891592,-0.002332489689159223,-0.42355437142062125,0.001519645162058835,0.0008778089887640449,0.0035112359550561797,-0.0026334269662921348,-0.005057638276459339,0.0009173701981659216,0.22041645505332655,1.0,False,False
cic_ids_2017_ml_csv,cic_development,development,raw_isolation_forest_vs_raw_knn,True,intrinsic|observed|raw_session|isolation_forest|Network Flow Volume and Throughput,intrinsic|observed|raw_session|knn_mean_distance|Network Flow Volume and Throughput,raw_session,isolation_forest,Network Flow Volume and Throughput,completed,0.13906065402295043,0.08372440417121514,0.055336249851735284,0.0030344684242610007,0.1288659830746681,0.0009124087591240876,0.0021289537712895377,-0.0012165450121654502,-0.0013170892327955218,0.0,0.001038961038961039,0.16415584415584417,False,False
cic_ids_2017_ml_csv,cic_development,development,raw_hdbscan_vs_raw_knn,True,intrinsic|observed|raw_session|hdbscan_rare_cluster|Network Flow Volume and Throughput,intrinsic|observed|raw_session|knn_mean_distance|Network Flow Volume and Throughput,raw_session,hdbscan_rare_cluster,Network Flow Volume and Throughput,completed,0.2454627774003522,0.08372440417121514,0.16173837322913703,0.0038347472433454084,0.28227781233378946,0.0006082725060827251,0.0021289537712895377,-0.0015206812652068125,-0.0016463615409944023,0.0,0.001038961038961039,0.16415584415584417,False,False
cic_ids_2017_ml_csv,cic_development,development,graphsage_trained_knn_vs_raw_knn,True,intrinsic|observed|graphsage_trained|knn_mean_distance|Network Flow Volume and Throughput,intrinsic|observed|raw_session|knn_mean_distance|Network Flow Volume and Throughput,graphsage_trained,knn_mean_distance,Network Flow Volume and Throughput,completed,0.13152,0.08372440417121514,0.047795595828784856,-0.016211693160707728,0.11966802772312554,0.0,0.0021289537712895377,-0.0021289537712895377,-0.0023049061573921633,0.0,0.4987012987012987,1.0,False,False
cic_ids_2017_ml_csv,cic_development,development,graphsage_trained_vs_random,True,intrinsic|observed|graphsage_trained|knn_mean_distance|Network Flow Volume and Throughput,intrinsic|observed|graphsage_random|knn_mean_distance|Network Flow Volume and Throughput,graphsage_trained,knn_mean_distance,Network Flow Volume and Throughput,completed,0.13152,0.13152,0.0,0.0,0.0,0.0,0.0,0.0,0.0,0.0,1.0,1.0,False,False
cic_ids_2017_ml_csv,cic_development,development,dominant_trained_vs_untrained,True,intrinsic|observed|dominant_style_trained|dominant_joint_reconstruction|Network Flow Volume and Throughput,intrinsic|observed|dominant_style_untrained|dominant_joint_reconstruction|Network Flow Volume and Throughput,dominant_style_trained,dominant_joint_reconstruction,Network Flow Volume and Throughput,completed,0.12782182965025965,0.19668386405695507,-0.06886203440669542,-0.1306882069056674,0.0,0.0,0.0,0.0,0.0,0.0,0.4987012987012987,1.0,False,False
cic_ids_2017_ml_csv,cic_development,development,graphsage_observed_vs_permuted,True,intrinsic|observed|graphsage_trained|knn_mean_distance|Network Flow Volume and Throughput,intrinsic|degree_sequence_preserving_target_permutation|graphsage_trained|knn_mean_distance|Network Flow Volume and Throughput,graphsage_trained,knn_mean_distance,Network Flow Volume and Throughput,completed,0.13152,0.12491746308159157,0.006602536918408425,-0.004481796223477406,0.016076073160935844,0.0,0.0015206812652068127,-0.0015206812652068127,-0.004609812314784327,0.0,0.4987012987012987,1.0,False,False
cic_ids_2017_ml_csv,cic_development,development,graphsage_observed_vs_permuted,True,intrinsic|observed|graphsage_trained|isolation_forest|Network Flow Volume and Throughput,intrinsic|degree_sequence_preserving_target_permutation|graphsage_trained|isolation_forest|Network Flow Volume and Throughput,graphsage_trained,isolation_forest,Network Flow Volume and Throughput,completed,0.1967368990752343,0.14122907570758286,0.05550782336765145,-0.00515684918576761,0.1256933673069741,0.0,0.006995133819951338,-0.006995133819951338,-0.009878169245966415,0.0,0.4987012987012987,1.0,False,False
cic_ids_2017_ml_csv,cic_development,development,graphsage_observed_vs_permuted,True,intrinsic|observed|graphsage_trained|hdbscan_rare_cluster|Network Flow Volume and Throughput,intrinsic|degree_sequence_preserving_target_permutation|graphsage_trained|hdbscan_rare_cluster|Network Flow Volume and Throughput,graphsage_trained,hdbscan_rare_cluster,Network Flow Volume and Throughput,completed,0.20499886797980266,0.14006330409406123,0.06493556388574143,-0.002053325160894882,0.139789252322449,0.0,0.0072992700729927005,-0.0072992700729927005,-0.007902535396773132,0.0,0.4987012987012987,1.0,False,False
cic_ids_2017_ml_csv,cic_development,development,raw_isolation_forest_vs_raw_knn,True,intrinsic|observed|raw_session|isolation_forest|Flow Lifecycle and Inter-Packet Timing,intrinsic|observed|raw_session|knn_mean_distance|Flow Lifecycle and Inter-Packet Timing,raw_session,isolation_forest,Flow Lifecycle and Inter-Packet Timing,completed,0.22480550254581527,0.2238450316204677,0.0009604709253475674,-0.005877395483490366,0.01649273406523178,0.0076034063260340635,0.010340632603406326,-0.002737226277372262,-0.0049390846229832065,0.0,0.46545454545454545,1.0,False,False
cic_ids_2017_ml_csv,cic_development,development,raw_hdbscan_vs_raw_knn,True,intrinsic|observed|raw_session|hdbscan_rare_cluster|Flow Lifecycle and Inter-Packet Timing,intrinsic|observed|raw_session|knn_mean_distance|Flow Lifecycle and Inter-Packet Timing,raw_session,hdbscan_rare_cluster,Flow Lifecycle and Inter-Packet Timing,completed,0.2975804741966957,0.2238450316204677,0.073735442576228,-0.007755997056211659,0.08154562376393018,0.0021289537712895377,0.010340632603406326,-0.008211678832116789,-0.008890352321369772,0.0,0.4987012987012987,1.0,False,False
cic_ids_2017_ml_csv,cic_development,development,graphsage_trained_knn_vs_raw_knn,True,intrinsic|observed|graphsage_trained|knn_mean_distance|Flow Lifecycle and Inter-Packet Timing,intrinsic|observed|raw_session|knn_mean_distance|Flow Lifecycle and Inter-Packet Timing,graphsage_trained,knn_mean_distance,Flow Lifecycle and Inter-Packet Timing,completed,0.13152,0.2238450316204677,-0.0923250316204677,-0.1461394536859002,-0.00649481966375987,0.0,0.010340632603406326,-0.010340632603406326,-0.011195258478761936,0.0,0.001038961038961039,0.16415584415584417,False,False
cic_ids_2017_ml_csv,cic_development,development,graphsage_trained_vs_random,True,intrinsic|observed|graphsage_trained|knn_mean_distance|Flow Lifecycle and Inter-Packet Timing,intrinsic|observed|graphsage_random|knn_mean_distance|Flow Lifecycle and Inter-Packet Timing,graphsage_trained,knn_mean_distance,Flow Lifecycle and Inter-Packet Timing,completed,0.13152,0.13152,0.0,0.0,0.0,0.0,0.0,0.0,0.0,0.0,1.0,1.0,False,False
cic_ids_2017_ml_csv,cic_development,development,dominant_trained_vs_untrained,True,intrinsic|observed|dominant_style_trained|dominant_joint_reconstruction|Flow Lifecycle and Inter-Packet Timing,intrinsic|observed|dominant_style_untrained|dominant_joint_reconstruction|Flow Lifecycle and Inter-Packet Timing,dominant_style_trained,dominant_joint_reconstruction,Flow Lifecycle and Inter-Packet Timing,completed,0.5434703232501348,0.5482294653240525,-0.004759142073917699,-0.009096043742804816,0.0006770006293705944,0.0,0.0,0.0,0.0,0.0,1.0,1.0,False,False
cic_ids_2017_ml_csv,cic_development,development,graphsage_observed_vs_permuted,True,intrinsic|observed|graphsage_trained|knn_mean_distance|Flow Lifecycle and Inter-Packet Timing,intrinsic|degree_sequence_preserving_target_permutation|graphsage_trained|knn_mean_distance|Flow Lifecycle and Inter-Packet Timing,graphsage_trained,knn_mean_distance,Flow Lifecycle and Inter-Packet Timing,completed,0.13152,0.14592827898151897,-0.014408278981518974,-0.025352619703260082,-0.0014825036959981166,0.0,0.005170316301703163,-0.005170316301703163,-0.0057073866754472615,0.0,0.001038961038961039,0.16415584415584417,False,False
cic_ids_2017_ml_csv,cic_development,development,graphsage_observed_vs_permuted,True,intrinsic|observed|graphsage_trained|isolation_forest|Flow Lifecycle and Inter-Packet Timing,intrinsic|degree_sequence_preserving_target_permutation|graphsage_trained|isolation_forest|Flow Lifecycle and Inter-Packet Timing,graphsage_trained,isolation_forest,Flow Lifecycle and Inter-Packet Timing,completed,0.47650141177758576,0.1492119568216907,0.32728945495589506,-0.003575472169013694,0.39383880513779645,0.0,0.006690997566909975,-0.006690997566909975,-0.007243990780375371,0.0,0.4987012987012987,1.0,False,False
cic_ids_2017_ml_csv,cic_development,development,graphsage_observed_vs_permuted,True,intrinsic|observed|graphsage_trained|hdbscan_rare_cluster|Flow Lifecycle and Inter-Packet Timing,intrinsic|degree_sequence_preserving_target_permutation|graphsage_trained|hdbscan_rare_cluster|Flow Lifecycle and Inter-Packet Timing,graphsage_trained,hdbscan_rare_cluster,Flow Lifecycle and Inter-Packet Timing,completed,0.48463292518115175,0.15721116707545968,0.3274217581056921,-0.0014292982972877305,0.4272371733020378,0.0,0.010644768856447688,-0.010644768856447688,-0.011524530786960816,0.0,0.4987012987012987,1.0,False,False
cic_ids_2017_ml_csv,cic_development,development,raw_isolation_forest_vs_raw_knn,True,intrinsic|observed|raw_session|isolation_forest|TCP Flag and Handshake Analysis,intrinsic|observed|raw_session|knn_mean_distance|TCP Flag and Handshake Analysis,raw_session,isolation_forest,TCP Flag and Handshake Analysis,completed,0.28843064483491887,0.13155059500110594,0.15688004983381293,0.0,0.21545290572888393,0.0,0.0006082725060827251,-0.0006082725060827251,-0.0006585446163977609,0.00439029744265174,0.4987012987012987,1.0,False,False
cic_ids_2017_ml_csv,cic_development,development,raw_hdbscan_vs_raw_knn,True,intrinsic|observed|raw_session|hdbscan_rare_cluster|TCP Flag and Handshake Analysis,intrinsic|observed|raw_session|knn_mean_distance|TCP Flag and Handshake Analysis,raw_session,hdbscan_rare_cluster,TCP Flag and Handshake Analysis,completed,0.287804409366662,0.13155059500110594,0.15625381436555608,0.0,0.2141888770149452,0.0006082725060827251,0.0006082725060827251,0.0,0.0,0.0030732082098562175,0.4987012987012987,1.0,False,False
cic_ids_2017_ml_csv,cic_development,development,graphsage_trained_knn_vs_raw_knn,True,intrinsic|observed|graphsage_trained|knn_mean_distance|TCP Flag and Handshake Analysis,intrinsic|observed|raw_session|knn_mean_distance|TCP Flag and Handshake Analysis,graphsage_trained,knn_mean_distance,TCP Flag and Handshake Analysis,completed,0.13152,0.13155059500110594,-3.059500110594304e-05,-0.000139518072004588,2.0494728251441163e-05,0.0,0.0006082725060827251,-0.0006082725060827251,-0.0006585446163977609,0.0,1.0,1.0,False,False
cic_ids_2017_ml_csv,cic_development,development,graphsage_trained_vs_random,True,intrinsic|observed|graphsage_trained|knn_mean_distance|TCP Flag and Handshake Analysis,intrinsic|observed|graphsage_random|knn_mean_distance|TCP Flag and Handshake Analysis,graphsage_trained,knn_mean_distance,TCP Flag and Handshake Analysis,completed,0.13152,0.13152,0.0,0.0,0.0,0.0,0.0,0.0,0.0,0.0,1.0,1.0,False,False
cic_ids_2017_ml_csv,cic_development,development,dominant_trained_vs_untrained,True,intrinsic|observed|dominant_style_trained|dominant_joint_reconstruction|TCP Flag and Handshake Analysis,intrinsic|observed|dominant_style_untrained|dominant_joint_reconstruction|TCP Flag and Handshake Analysis,dominant_style_trained,dominant_joint_reconstruction,TCP Flag and Handshake Analysis,completed,0.12614008849938085,0.12692545446785594,-0.000785365968475088,-0.0028287590875142044,0.0,0.0,0.0,0.0,0.0,0.0,0.4987012987012987,1.0,False,False
cic_ids_2017_ml_csv,cic_development,development,graphsage_observed_vs_permuted,True,intrinsic|observed|graphsage_trained|knn_mean_distance|TCP Flag and Handshake Analysis,intrinsic|degree_sequence_preserving_target_permutation|graphsage_trained|knn_mean_distance|TCP Flag and Handshake Analysis,graphsage_trained,knn_mean_distance,TCP Flag and Handshake Analysis,completed,0.13152,0.13200985750228622,-0.0004898575022862228,-0.0018387986515476557,-0.00016498605916176468,0.0,0.005474452554744526,-0.005474452554744526,-0.01593625498007968,-0.004280540006585446,0.001038961038961039,0.16415584415584417,False,False
cic_ids_2017_ml_csv,cic_development,development,graphsage_observed_vs_permuted,True,intrinsic|observed|graphsage_trained|isolation_forest|TCP Flag and Handshake Analysis,intrinsic|degree_sequence_preserving_target_permutation|graphsage_trained|isolation_forest|TCP Flag and Handshake Analysis,graphsage_trained,isolation_forest,TCP Flag and Handshake Analysis,completed,0.20483564854619335,0.1502984944848147,0.054537154061378657,-0.000835368204600951,0.1185613272988173,0.0,0.01672749391727494,-0.01672749391727494,-0.018084204577564284,0.0,0.4987012987012987,1.0,False,False
cic_ids_2017_ml_csv,cic_development,development,graphsage_observed_vs_permuted,True,intrinsic|observed|graphsage_trained|hdbscan_rare_cluster|TCP Flag and Handshake Analysis,intrinsic|degree_sequence_preserving_target_permutation|graphsage_trained|hdbscan_rare_cluster|TCP Flag and Handshake Analysis,graphsage_trained,hdbscan_rare_cluster,TCP Flag and Handshake Analysis,completed,0.2074360820239268,0.15130746297475478,0.05612861904917202,-0.0009086461172852449,0.12354986484179015,0.0,0.01672749391727494,-0.01672749391727494,-0.018084204577564284,0.0,0.4987012987012987,1.0,False,False
cic_ids_2017_ml_csv,cic_development,development,node2vec_observed_vs_permuted,True,intrinsic|observed|node2vec|knn_mean_distance|__none__,intrinsic|degree_sequence_preserving_target_permutation|node2vec|knn_mean_distance|__none__,node2vec,knn_mean_distance,,completed,0.13152,0.13054413860582662,0.0009758613941733829,-0.00466479587989634,0.002021213861847282,0.0,0.0036496350364963502,-0.0036496350364963502,-0.00398406374501992,-0.0029634507737899243,0.4987012987012987,1.0,False,False
cic_ids_2017_ml_csv,cic_development,development,node2vec_observed_vs_permuted,True,intrinsic|observed|node2vec|isolation_forest|__none__,intrinsic|degree_sequence_preserving_target_permutation|node2vec|isolation_forest|__none__,node2vec,isolation_forest,,completed,0.23982350549205075,0.13045452197207896,0.10936898351997179,-0.005486082292884097,0.16085222326505896,0.02402676399026764,0.0006082725060827251,0.023418491484184914,-0.007243990780375371,0.2350597609561753,0.4987012987012987,1.0,False,False
cic_ids_2017_ml_csv,cic_development,development,node2vec_observed_vs_permuted,True,intrinsic|observed|node2vec|hdbscan_rare_cluster|__none__,intrinsic|degree_sequence_preserving_target_permutation|node2vec|hdbscan_rare_cluster|__none__,node2vec,hdbscan_rare_cluster,,completed,0.36116103278536155,0.1327874759363803,0.22837355684898125,0.0,0.3234159906403691,0.0,0.003953771289537713,-0.003953771289537713,-0.00796812749003984,-0.0036219953901876854,0.4987012987012987,1.0,False,False
cic_ids_2017_ml_csv,cic_development,development,matched_vs_intrinsic,True,matched|observed|raw_session|knn_mean_distance|Network Flow Volume and Throughput,intrinsic|observed|raw_session|knn_mean_distance|Network Flow Volume and Throughput,raw_session,knn_mean_distance,Network Flow Volume and Throughput,completed,0.08307394495507801,0.08372440417121514,-0.0006504592161371281,-0.0019066784020731198,0.000656530025288541,0.0021289537712895377,0.0021289537712895377,0.0,0.0,0.0,0.4987012987012987,1.0,False,False
cic_ids_2017_ml_csv,cic_development,development,matched_vs_intrinsic,True,matched|observed|raw_session|isolation_forest|Network Flow Volume and Throughput,intrinsic|observed|raw_session|isolation_forest|Network Flow Volume and Throughput,raw_session,isolation_forest,Network Flow Volume and Throughput,completed,0.13853818612300253,0.13906065402295043,-0.0005224678999478927,-0.002319712647383898,0.0016322299859489325,0.0009124087591240876,0.0009124087591240876,0.0,0.0,0.0,0.4987012987012987,1.0,False,False
cic_ids_2017_ml_csv,cic_development,development,matched_vs_intrinsic,True,matched|observed|raw_session|hdbscan_rare_cluster|Network Flow Volume and Throughput,intrinsic|observed|raw_session|hdbscan_rare_cluster|Network Flow Volume and Throughput,raw_session,hdbscan_rare_cluster,Network Flow Volume and Throughput,completed,0.35170610356117954,0.2454627774003522,0.10624332616082735,0.0008483227940326576,0.128770397940955,0.0021289537712895377,0.0006082725060827251,0.0015206812652068125,0.0,0.0019756338491932826,0.001038961038961039,0.16415584415584417,False,False
cic_ids_2017_ml_csv,cic_development,development,matched_vs_intrinsic,True,matched|observed|raw_session|knn_mean_distance|Flow Lifecycle and Inter-Packet Timing,intrinsic|observed|raw_session|knn_mean_distance|Flow Lifecycle and Inter-Packet Timing,raw_session,knn_mean_distance,Flow Lifecycle and Inter-Packet Timing,completed,0.22532368148817167,0.2238450316204677,0.0014786498677039628,0.0005279237371225683,0.0026206106404082496,0.010340632603406326,0.010340632603406326,0.0,-0.0006585446163977614,0.0,0.001038961038961039,0.16415584415584417,False,False
cic_ids_2017_ml_csv,cic_development,development,matched_vs_intrinsic,True,matched|observed|raw_session|isolation_forest|Flow Lifecycle and Inter-Packet Timing,intrinsic|observed|raw_session|isolation_forest|Flow Lifecycle and Inter-Packet Timing,raw_session,isolation_forest,Flow Lifecycle and Inter-Packet Timing,completed,0.22467346337411057,0.22480550254581527,-0.00013203917170470647,-0.000863417200141936,0.0018959984900818322,0.0072992700729927005,0.0076034063260340635,-0.000304136253041363,-0.0008476970895733259,0.00032927230819887986,0.4987012987012987,1.0,False,False
cic_ids_2017_ml_csv,cic_development,development,matched_vs_intrinsic,True,matched|observed|raw_session|hdbscan_rare_cluster|Flow Lifecycle and Inter-Packet Timing,intrinsic|observed|raw_session|hdbscan_rare_cluster|Flow Lifecycle and Inter-Packet Timing,raw_session,hdbscan_rare_cluster,Flow Lifecycle and Inter-Packet Timing,completed,0.3620022348656661,0.2975804741966957,0.06442176066897037,0.003581207972537478,0.07132498854073754,0.005474452554744526,0.0021289537712895377,0.003345498783454988,0.0,0.004238485447866629,0.001038961038961039,0.16415584415584417,False,False
cic_ids_2017_ml_csv,cic_development,development,matched_vs_intrinsic,True,matched|observed|raw_session|knn_mean_distance|TCP Flag and Handshake Analysis,intrinsic|observed|raw_session|knn_mean_distance|TCP Flag and Handshake Analysis,raw_session,knn_mean_distance,TCP Flag and Handshake Analysis,completed,0.13155059500110594,0.13155059500110594,0.0,0.0,0.0,0.0006082725060827251,0.0006082725060827251,0.0,0.0,0.0,1.0,1.0,False,False
cic_ids_2017_ml_csv,cic_development,development,matched_vs_intrinsic,True,matched|observed|raw_session|isolation_forest|TCP Flag and Handshake Analysis,intrinsic|observed|raw_session|isolation_forest|TCP Flag and Handshake Analysis,raw_session,isolation_forest,TCP Flag and Handshake Analysis,completed,0.2876966430374508,0.28843064483491887,-0.0007340017974680757,-0.0009410162141791911,0.0,0.0,0.0,0.0,0.0,0.0,0.4987012987012987,1.0,False,False
cic_ids_2017_ml_csv,cic_development,development,matched_vs_intrinsic,True,matched|observed|raw_session|hdbscan_rare_cluster|TCP Flag and Handshake Analysis,intrinsic|observed|raw_session|hdbscan_rare_cluster|TCP Flag and Handshake Analysis,raw_session,hdbscan_rare_cluster,TCP Flag and Handshake Analysis,completed,0.2868345662589623,0.287804409366662,-0.0009698431076997083,-0.0010964054550387514,0.0,0.0006082725060827251,0.0006082725060827251,0.0,0.0,0.0,0.4987012987012987,1.0,False,False
cic_ids_2017_ml_csv,cic_development,development,matched_vs_intrinsic,True,matched|observed|typed_structural_stats|knn_mean_distance|__none__,intrinsic|observed|typed_structural_stats|knn_mean_distance|__none__,typed_structural_stats,knn_mean_distance,,completed,0.13152,0.13152,0.0,0.0,0.0,0.0,0.0,0.0,0.0,0.0,1.0,1.0,False,False
cic_ids_2017_ml_csv,cic_development,development,matched_vs_intrinsic,True,matched|observed|typed_structural_stats|isolation_forest|__none__,intrinsic|observed|typed_structural_stats|isolation_forest|__none__,typed_structural_stats,isolation_forest,,completed,0.16989840829297212,0.17095246333838915,-0.0010540550454170294,-0.0016869782064795058,0.015397867987509424,0.0,0.0,0.0,0.0,0.0,0.4987012987012987,1.0,False,False
cic_ids_2017_ml_csv,cic_development,development,matched_vs_intrinsic,True,matched|observed|typed_structural_stats|hdbscan_rare_cluster|__none__,intrinsic|observed|typed_structural_stats|hdbscan_rare_cluster|__none__,typed_structural_stats,hdbscan_rare_cluster,,completed,0.3008297449173039,0.30255255526277197,-0.0017228103454680621,-0.002879364388612138,0.01175784666213196,0.0,0.0,0.0,0.0,0.0,0.4987012987012987,1.0,False,False
cic_ids_2017_ml_csv,cic_development,development,matched_vs_intrinsic,True,matched|observed|node2vec|knn_mean_distance|__none__,intrinsic|observed|node2vec|knn_mean_distance|__none__,node2vec,knn_mean_distance,,completed,0.13108488173865365,0.13152,-0.00043511826134634557,-0.0012979516567200866,0.0,0.0,0.0,0.0,0.0,0.0,0.4987012987012987,1.0,False,False
cic_ids_2017_ml_csv,cic_development,development,matched_vs_intrinsic,True,matched|observed|node2vec|isolation_forest|__none__,intrinsic|observed|node2vec|isolation_forest|__none__,node2vec,isolation_forest,,completed,0.23955182564047028,0.23982350549205075,-0.0002716798515804697,-0.0010087031585489514,0.04531722054380665,0.023722627737226276,0.02402676399026764,-0.00030413625304136216,-0.007968127490039834,0.0,0.7345454545454545,1.0,False,False
cic_ids_2017_ml_csv,cic_development,development,matched_vs_intrinsic,True,matched|observed|node2vec|hdbscan_rare_cluster|__none__,intrinsic|observed|node2vec|hdbscan_rare_cluster|__none__,node2vec,hdbscan_rare_cluster,,completed,0.36254395099001374,0.36116103278536155,0.0013829182046521948,0.0,0.0230717430655207,0.0,0.0,0.0,0.0,0.0,0.09454545454545454,1.0,False,False
cic_ids_2017_ml_csv,cic_development,development,matched_vs_intrinsic,True,matched|observed|graphsage_trained|knn_mean_distance|Network Flow Volume and Throughput,intrinsic|observed|graphsage_trained|knn_mean_distance|Network Flow Volume and Throughput,graphsage_trained,knn_mean_distance,Network Flow Volume and Throughput,completed,0.13109227397824916,0.13152,-0.0004277260217508405,-0.0007671703429906751,0.0001416400981980284,0.0,0.0,0.0,0.0,0.0,0.4987012987012987,1.0,False,False
cic_ids_2017_ml_csv,cic_development,development,matched_vs_intrinsic,True,matched|observed|graphsage_trained|isolation_forest|Network Flow Volume and Throughput,intrinsic|observed|graphsage_trained|isolation_forest|Network Flow Volume and Throughput,graphsage_trained,isolation_forest,Network Flow Volume and Throughput,completed,0.1963722734039263,0.1967368990752343,-0.0003646256713080165,-0.0007507152440551501,0.0005179482107933015,0.0,0.0,0.0,0.0,0.0,0.4987012987012987,1.0,False,False
cic_ids_2017_ml_csv,cic_development,development,matched_vs_intrinsic,True,matched|observed|graphsage_trained|hdbscan_rare_cluster|Network Flow Volume and Throughput,intrinsic|observed|graphsage_trained|hdbscan_rare_cluster|Network Flow Volume and Throughput,graphsage_trained,hdbscan_rare_cluster,Network Flow Volume and Throughput,completed,0.19682217028584983,0.20499886797980266,-0.008176697693952822,-0.015279011320109448,0.0005411523146891412,0.0,0.0,0.0,0.0,0.0,0.4987012987012987,1.0,False,False
cic_ids_2017_ml_csv,cic_development,development,matched_vs_intrinsic,True,matched|observed|graphsage_trained|knn_mean_distance|Flow Lifecycle and Inter-Packet Timing,intrinsic|observed|graphsage_trained|knn_mean_distance|Flow Lifecycle and Inter-Packet Timing,graphsage_trained,knn_mean_distance,Flow Lifecycle and Inter-Packet Timing,completed,0.13102423603811156,0.13152,-0.0004957639618884402,-0.0008096262215225858,0.0006423347763868035,0.0,0.0,0.0,0.0,0.0,0.4987012987012987,1.0,False,False
cic_ids_2017_ml_csv,cic_development,development,matched_vs_intrinsic,True,matched|observed|graphsage_trained|isolation_forest|Flow Lifecycle and Inter-Packet Timing,intrinsic|observed|graphsage_trained|isolation_forest|Flow Lifecycle and Inter-Packet Timing,graphsage_trained,isolation_forest,Flow Lifecycle and Inter-Packet Timing,completed,0.47545343956873093,0.47650141177758576,-0.0010479722088548304,-0.0024458381923151418,0.009555512890876972,0.0,0.0,0.0,0.0,0.0,0.4987012987012987,1.0,False,False
cic_ids_2017_ml_csv,cic_development,development,matched_vs_intrinsic,True,matched|observed|graphsage_trained|hdbscan_rare_cluster|Flow Lifecycle and Inter-Packet Timing,intrinsic|observed|graphsage_trained|hdbscan_rare_cluster|Flow Lifecycle and Inter-Packet Timing,graphsage_trained,hdbscan_rare_cluster,Flow Lifecycle and Inter-Packet Timing,completed,0.5095418073218446,0.48463292518115175,0.024908882140692867,0.000279003805984575,0.02802786558397996,0.0,0.0,0.0,0.0,0.0,0.001038961038961039,0.16415584415584417,False,False
cic_ids_2017_ml_csv,cic_development,development,matched_vs_intrinsic,True,matched|observed|graphsage_trained|knn_mean_distance|TCP Flag and Handshake Analysis,intrinsic|observed|graphsage_trained|knn_mean_distance|TCP Flag and Handshake Analysis,graphsage_trained,knn_mean_distance,TCP Flag and Handshake Analysis,completed,0.13141976566843666,0.13152,-0.00010023433156333694,-0.00017262402541742827,0.0006530881578620289,0.00030413625304136254,0.0,0.00030413625304136254,0.0,0.00030413625304136254,1.0,1.0,False,False
cic_ids_2017_ml_csv,cic_development,development,matched_vs_intrinsic,True,matched|observed|graphsage_trained|isolation_forest|TCP Flag and Handshake Analysis,intrinsic|observed|graphsage_trained|isolation_forest|TCP Flag and Handshake Analysis,graphsage_trained,isolation_forest,TCP Flag and Handshake Analysis,completed,0.20367298713333534,0.20483564854619335,-0.001162661412858007,-0.002082694358421372,0.004260127346728311,0.0,0.0,0.0,0.0,0.0,0.4987012987012987,1.0,False,False
cic_ids_2017_ml_csv,cic_development,development,matched_vs_intrinsic,True,matched|observed|graphsage_trained|hdbscan_rare_cluster|TCP Flag and Handshake Analysis,intrinsic|observed|graphsage_trained|hdbscan_rare_cluster|TCP Flag and Handshake Analysis,graphsage_trained,hdbscan_rare_cluster,TCP Flag and Handshake Analysis,completed,0.20641826988203887,0.2074360820239268,-0.001017812141887925,-0.002114092259431377,0.002993172983291789,0.0,0.0,0.0,0.0,0.0,0.4987012987012987,1.0,False,False
cic_ids_2017_ml_csv,cic_development,development,matched_vs_intrinsic,True,matched|observed|dominant_style_trained|dominant_joint_reconstruction|Network Flow Volume and Throughput,intrinsic|observed|dominant_style_trained|dominant_joint_reconstruction|Network Flow Volume and Throughput,dominant_style_trained,dominant_joint_reconstruction,Network Flow Volume and Throughput,completed,0.12720137886686983,0.12782182965025965,-0.0006204507833898198,-0.0016148061005566983,0.0005806308260172525,0.0,0.0,0.0,0.0,0.0,0.4987012987012987,1.0,False,False
cic_ids_2017_ml_csv,cic_development,development,matched_vs_intrinsic,True,matched|observed|dominant_style_trained|dominant_joint_reconstruction|Flow Lifecycle and Inter-Packet Timing,intrinsic|observed|dominant_style_trained|dominant_joint_reconstruction|Flow Lifecycle and Inter-Packet Timing,dominant_style_trained,dominant_joint_reconstruction,Flow Lifecycle and Inter-Packet Timing,completed,0.5404547253744794,0.5434703232501348,-0.003015597875655418,-0.0036539000297016733,0.0008896211667257601,0.0,0.0,0.0,0.0,0.0,0.4987012987012987,1.0,False,False
cic_ids_2017_ml_csv,cic_development,development,matched_vs_intrinsic,True,matched|observed|dominant_style_trained|dominant_joint_reconstruction|TCP Flag and Handshake Analysis,intrinsic|observed|dominant_style_trained|dominant_joint_reconstruction|TCP Flag and Handshake Analysis,dominant_style_trained,dominant_joint_reconstruction,TCP Flag and Handshake Analysis,completed,0.1265166692825635,0.12614008849938085,0.0003765807831826451,-4.893393861893358e-05,0.002069014619195689,0.0,0.0,0.0,0.0,0.0,0.558961038961039,1.0,False,False
cic_ids_2017_ml_csv,cic_selection,selection,raw_isolation_forest_vs_raw_knn,True,intrinsic|observed|raw_session|isolation_forest|Network Flow Volume and Throughput,intrinsic|observed|raw_session|knn_mean_distance|Network Flow Volume and Throughput,raw_session,isolation_forest,Network Flow Volume and Throughput,completed,0.03725970185953773,0.004139654328232111,0.033120047531305624,0.02256125937450472,0.03312004753130561,0.0,0.0,0.0,0.0,0.0,0.0013651877133105802,0.20341296928327646,False,False
cic_ids_2017_ml_csv,cic_selection,selection,raw_hdbscan_vs_raw_knn,True,intrinsic|observed|raw_session|hdbscan_rare_cluster|Network Flow Volume and Throughput,intrinsic|observed|raw_session|knn_mean_distance|Network Flow Volume and Throughput,raw_session,hdbscan_rare_cluster,Network Flow Volume and Throughput,not_evaluable,,0.004139654328232111,,,,,0.0,,,,,,False,False
cic_ids_2017_ml_csv,cic_selection,selection,graphsage_trained_knn_vs_raw_knn,True,intrinsic|observed|graphsage_trained|knn_mean_distance|Network Flow Volume and Throughput,intrinsic|observed|raw_session|knn_mean_distance|Network Flow Volume and Throughput,graphsage_trained,knn_mean_distance,Network Flow Volume and Throughput,completed,0.00604,0.004139654328232111,0.001900345671767889,-0.007206849932002334,0.001900345671767889,0.0,0.0,0.0,0.0,0.0,0.6143344709897611,1.0,False,False
cic_ids_2017_ml_csv,cic_selection,selection,graphsage_trained_vs_random,True,intrinsic|observed|graphsage_trained|knn_mean_distance|Network Flow Volume and Throughput,intrinsic|observed|graphsage_random|knn_mean_distance|Network Flow Volume and Throughput,graphsage_trained,knn_mean_distance,Network Flow Volume and Throughput,completed,0.00604,0.00604,0.0,0.0,0.0,0.0,0.0,0.0,0.0,0.0,1.0,1.0,False,False
cic_ids_2017_ml_csv,cic_selection,selection,dominant_trained_vs_untrained,True,intrinsic|observed|dominant_style_trained|dominant_joint_reconstruction|Network Flow Volume and Throughput,intrinsic|observed|dominant_style_untrained|dominant_joint_reconstruction|Network Flow Volume and Throughput,dominant_style_trained,dominant_joint_reconstruction,Network Flow Volume and Throughput,completed,0.012680550890157877,0.013424608819345662,-0.0007440579291877851,-0.0007440579291877851,0.0,0.0,0.0,0.0,0.0,0.0,0.6143344709897611,1.0,False,False
cic_ids_2017_ml_csv,cic_selection,selection,graphsage_observed_vs_permuted,True,intrinsic|observed|graphsage_trained|knn_mean_distance|Network Flow Volume and Throughput,intrinsic|degree_sequence_preserving_target_permutation|graphsage_trained|knn_mean_distance|Network Flow Volume and Throughput,graphsage_trained,knn_mean_distance,Network Flow Volume and Throughput,completed,0.00604,0.006876725200596123,-0.000836725200596123,-0.003452356653501745,-0.000836725200596123,0.0,0.013245033112582781,-0.013245033112582781,-0.013245033112582781,-0.013245033112582781,0.0013651877133105802,0.20341296928327646,False,False
cic_ids_2017_ml_csv,cic_selection,selection,graphsage_observed_vs_permuted,True,intrinsic|observed|graphsage_trained|isolation_forest|Network Flow Volume and Throughput,intrinsic|degree_sequence_preserving_target_permutation|graphsage_trained|isolation_forest|Network Flow Volume and Throughput,graphsage_trained,isolation_forest,Network Flow Volume and Throughput,completed,0.015267947421638018,0.03641506465609425,-0.021147117234456232,-0.02114711723445624,-0.006745413317722504,0.0,0.1456953642384106,-0.1456953642384106,-0.1456953642384106,-0.13245033112582782,0.0013651877133105802,0.20341296928327646,False,False
cic_ids_2017_ml_csv,cic_selection,selection,graphsage_observed_vs_permuted,True,intrinsic|observed|graphsage_trained|hdbscan_rare_cluster|Network Flow Volume and Throughput,intrinsic|degree_sequence_preserving_target_permutation|graphsage_trained|hdbscan_rare_cluster|Network Flow Volume and Throughput,graphsage_trained,hdbscan_rare_cluster,Network Flow Volume and Throughput,completed,0.016257536606373815,0.016690423467248992,-0.0004328868608751771,-0.00043288686087518055,0.0,0.0,0.0,0.0,0.0,0.0,0.6143344709897611,1.0,False,False
cic_ids_2017_ml_csv,cic_selection,selection,raw_isolation_forest_vs_raw_knn,True,intrinsic|observed|raw_session|isolation_forest|Flow Lifecycle and Inter-Packet Timing,intrinsic|observed|raw_session|knn_mean_distance|Flow Lifecycle and Inter-Packet Timing,raw_session,isolation_forest,Flow Lifecycle and Inter-Packet Timing,completed,0.012941964426332721,0.006552630975467462,0.006389333450865259,-0.0008424989285200947,0.00638933345086526,0.0,0.013245033112582781,-0.013245033112582781,-0.013245033112582781,0.0,0.6143344709897611,1.0,False,False
cic_ids_2017_ml_csv,cic_selection,selection,raw_hdbscan_vs_raw_knn,True,intrinsic|observed|raw_session|hdbscan_rare_cluster|Flow Lifecycle and Inter-Packet Timing,intrinsic|observed|raw_session|knn_mean_distance|Flow Lifecycle and Inter-Packet Timing,raw_session,hdbscan_rare_cluster,Flow Lifecycle and Inter-Packet Timing,completed,0.0266433334915755,0.006552630975467462,0.02009070251610804,-0.0034955774647076852,0.020090702516108037,0.0,0.013245033112582781,-0.013245033112582781,-0.013245033112582781,0.0,0.6143344709897611,1.0,False,False
cic_ids_2017_ml_csv,cic_selection,selection,graphsage_trained_knn_vs_raw_knn,True,intrinsic|observed|graphsage_trained|knn_mean_distance|Flow Lifecycle and Inter-Packet Timing,intrinsic|observed|raw_session|knn_mean_distance|Flow Lifecycle and Inter-Packet Timing,graphsage_trained,knn_mean_distance,Flow Lifecycle and Inter-Packet Timing,completed,0.00604,0.006552630975467462,-0.000512630975467462,-0.011332360658984991,-0.0005126309754674612,0.0,0.013245033112582781,-0.013245033112582781,-0.013245033112582781,0.0,0.0013651877133105802,0.20341296928327646,False,False
cic_ids_2017_ml_csv,cic_selection,selection,graphsage_trained_vs_random,True,intrinsic|observed|graphsage_trained|knn_mean_distance|Flow Lifecycle and Inter-Packet Timing,intrinsic|observed|graphsage_random|knn_mean_distance|Flow Lifecycle and Inter-Packet Timing,graphsage_trained,knn_mean_distance,Flow Lifecycle and Inter-Packet Timing,completed,0.00604,0.00604,0.0,0.0,0.0,0.0,0.0,0.0,0.0,0.0,1.0,1.0,False,False
cic_ids_2017_ml_csv,cic_selection,selection,dominant_trained_vs_untrained,True,intrinsic|observed|dominant_style_trained|dominant_joint_reconstruction|Flow Lifecycle and Inter-Packet Timing,intrinsic|observed|dominant_style_untrained|dominant_joint_reconstruction|Flow Lifecycle and Inter-Packet Timing,dominant_style_trained,dominant_joint_reconstruction,Flow Lifecycle and Inter-Packet Timing,completed,0.019852747830660007,0.014663041367255778,0.005189706463404229,0.0,0.005189706463404229,0.0,0.0,0.0,0.0,0.0,0.6143344709897611,1.0,False,False
cic_ids_2017_ml_csv,cic_selection,selection,graphsage_observed_vs_permuted,True,intrinsic|observed|graphsage_trained|knn_mean_distance|Flow Lifecycle and Inter-Packet Timing,intrinsic|degree_sequence_preserving_target_permutation|graphsage_trained|knn_mean_distance|Flow Lifecycle and Inter-Packet Timing,graphsage_trained,knn_mean_distance,Flow Lifecycle and Inter-Packet Timing,completed,0.00604,0.006560304482093497,-0.0005203044820934971,-0.003041080264891602,-0.0005203044820934971,0.0,0.013245033112582781,-0.013245033112582781,-0.013245033112582781,-0.013245033112582781,0.0013651877133105802,0.20341296928327646,False,False
cic_ids_2017_ml_csv,cic_selection,selection,graphsage_observed_vs_permuted,True,intrinsic|observed|graphsage_trained|isolation_forest|Flow Lifecycle and Inter-Packet Timing,intrinsic|degree_sequence_preserving_target_permutation|graphsage_trained|isolation_forest|Flow Lifecycle and Inter-Packet Timing,graphsage_trained,isolation_forest,Flow Lifecycle and Inter-Packet Timing,completed,0.021124790151091213,0.008219764732601092,0.012905025418490122,-0.0024938741316231886,0.012905025418490122,0.0,0.0,0.0,0.0,0.0,0.6143344709897611,1.0,False,False
cic_ids_2017_ml_csv,cic_selection,selection,graphsage_observed_vs_permuted,True,intrinsic|observed|graphsage_trained|hdbscan_rare_cluster|Flow Lifecycle and Inter-Packet Timing,intrinsic|degree_sequence_preserving_target_permutation|graphsage_trained|hdbscan_rare_cluster|Flow Lifecycle and Inter-Packet Timing,graphsage_trained,hdbscan_rare_cluster,Flow Lifecycle and Inter-Packet Timing,completed,0.01075958386774975,0.012764352215018735,-0.002004768347268985,-0.002004768347268983,-8.658835894159168e-05,0.0,0.006622516556291391,-0.006622516556291391,-0.006622516556291391,-0.006622516556291391,0.0013651877133105802,0.20341296928327646,False,False
cic_ids_2017_ml_csv,cic_selection,selection,raw_isolation_forest_vs_raw_knn,True,intrinsic|observed|raw_session|isolation_forest|TCP Flag and Handshake Analysis,intrinsic|observed|raw_session|knn_mean_distance|TCP Flag and Handshake Analysis,raw_session,isolation_forest,TCP Flag and Handshake Analysis,completed,0.015331743336710377,0.00604,0.009291743336710376,0.0,0.009291743336710376,0.0,0.0,0.0,0.0,0.0,0.6143344709897611,1.0,False,False
cic_ids_2017_ml_csv,cic_selection,selection,raw_hdbscan_vs_raw_knn,True,intrinsic|observed|raw_session|hdbscan_rare_cluster|TCP Flag and Handshake Analysis,intrinsic|observed|raw_session|knn_mean_distance|TCP Flag and Handshake Analysis,raw_session,hdbscan_rare_cluster,TCP Flag and Handshake Analysis,completed,0.010085527669467822,0.00604,0.004045527669467822,0.0,0.004045527669467822,0.0,0.0,0.0,0.0,0.0,0.6143344709897611,1.0,False,False
cic_ids_2017_ml_csv,cic_selection,selection,graphsage_trained_knn_vs_raw_knn,True,intrinsic|observed|graphsage_trained|knn_mean_distance|TCP Flag and Handshake Analysis,intrinsic|observed|raw_session|knn_mean_distance|TCP Flag and Handshake Analysis,graphsage_trained,knn_mean_distance,TCP Flag and Handshake Analysis,completed,0.00604,0.00604,0.0,0.0,0.0,0.0,0.0,0.0,0.0,0.0,1.0,1.0,False,False
cic_ids_2017_ml_csv,cic_selection,selection,graphsage_trained_vs_random,True,intrinsic|observed|graphsage_trained|knn_mean_distance|TCP Flag and Handshake Analysis,intrinsic|observed|graphsage_random|knn_mean_distance|TCP Flag and Handshake Analysis,graphsage_trained,knn_mean_distance,TCP Flag and Handshake Analysis,completed,0.00604,0.00604,0.0,0.0,0.0,0.0,0.0,0.0,0.0,0.0,1.0,1.0,False,False
cic_ids_2017_ml_csv,cic_selection,selection,dominant_trained_vs_untrained,True,intrinsic|observed|dominant_style_trained|dominant_joint_reconstruction|TCP Flag and Handshake Analysis,intrinsic|observed|dominant_style_untrained|dominant_joint_reconstruction|TCP Flag and Handshake Analysis,dominant_style_trained,dominant_joint_reconstruction,TCP Flag and Handshake Analysis,completed,0.009001490312965724,0.00771786353181702,0.0012836267811487034,0.0,0.0012836267811487034,0.0,0.0,0.0,0.0,0.0,0.6143344709897611,1.0,False,False
cic_ids_2017_ml_csv,cic_selection,selection,graphsage_observed_vs_permuted,True,intrinsic|observed|graphsage_trained|knn_mean_distance|TCP Flag and Handshake Analysis,intrinsic|degree_sequence_preserving_target_permutation|graphsage_trained|knn_mean_distance|TCP Flag and Handshake Analysis,graphsage_trained,knn_mean_distance,TCP Flag and Handshake Analysis,completed,0.00604,0.006006264731978169,3.3735268021831306e-05,0.0,3.373526802183044e-05,0.0,0.0,0.0,0.0,0.0,0.6143344709897611,1.0,False,False
cic_ids_2017_ml_csv,cic_selection,selection,graphsage_observed_vs_permuted,True,intrinsic|observed|graphsage_trained|isolation_forest|TCP Flag and Handshake Analysis,intrinsic|degree_sequence_preserving_target_permutation|graphsage_trained|isolation_forest|TCP Flag and Handshake Analysis,graphsage_trained,isolation_forest,TCP Flag and Handshake Analysis,completed,0.014792319749216302,0.006436537733931509,0.008355782015284793,0.0,0.008355782015284792,0.0,0.0,0.0,0.0,0.0,0.6143344709897611,1.0,False,False
cic_ids_2017_ml_csv,cic_selection,selection,graphsage_observed_vs_permuted,True,intrinsic|observed|graphsage_trained|hdbscan_rare_cluster|TCP Flag and Handshake Analysis,intrinsic|degree_sequence_preserving_target_permutation|graphsage_trained|hdbscan_rare_cluster|TCP Flag and Handshake Analysis,graphsage_trained,hdbscan_rare_cluster,TCP Flag and Handshake Analysis,completed,0.015613690414641713,0.006461623420238908,0.009152066994402805,0.0,0.009152066994402807,0.0,0.0,0.0,0.0,0.0,0.6143344709897611,1.0,False,False
cic_ids_2017_ml_csv,cic_selection,selection,node2vec_observed_vs_permuted,True,intrinsic|observed|node2vec|knn_mean_distance|__none__,intrinsic|degree_sequence_preserving_target_permutation|node2vec|knn_mean_distance|__none__,node2vec,knn_mean_distance,,completed,0.00604,0.006626958952179851,-0.0005869589521798509,-0.003223593209153031,-0.0005869589521798509,0.0,0.0,0.0,0.0,0.0,0.0013651877133105802,0.20341296928327646,False,False
cic_ids_2017_ml_csv,cic_selection,selection,node2vec_observed_vs_permuted,True,intrinsic|observed|node2vec|isolation_forest|__none__,intrinsic|degree_sequence_preserving_target_permutation|node2vec|isolation_forest|__none__,node2vec,isolation_forest,,completed,0.019428718476582604,0.005989152774452853,0.01343956570212975,-0.0024216159963085506,0.01343956570212975,0.0,0.0,0.0,0.0,0.0,0.6143344709897611,1.0,False,False
cic_ids_2017_ml_csv,cic_selection,selection,node2vec_observed_vs_permuted,True,intrinsic|observed|node2vec|hdbscan_rare_cluster|__none__,intrinsic|degree_sequence_preserving_target_permutation|node2vec|hdbscan_rare_cluster|__none__,node2vec,hdbscan_rare_cluster,,completed,0.028916124090386824,0.005673882653548072,0.023242241436838753,0.0,0.023242241436838753,0.0,0.0,0.0,0.0,0.0,0.6143344709897611,1.0,False,False
cic_ids_2017_ml_csv,cic_selection,selection,matched_vs_intrinsic,True,matched|observed|raw_session|knn_mean_distance|Network Flow Volume and Throughput,intrinsic|observed|raw_session|knn_mean_distance|Network Flow Volume and Throughput,raw_session,knn_mean_distance,Network Flow Volume and Throughput,completed,0.004302686302396011,0.004139654328232111,0.00016303197416389983,0.00016303197416389897,0.0003401193942098703,0.0,0.0,0.0,0.0,0.0,0.0013651877133105802,0.20341296928327646,False,False
cic_ids_2017_ml_csv,cic_selection,selection,matched_vs_intrinsic,True,matched|observed|raw_session|isolation_forest|Network Flow Volume and Throughput,intrinsic|observed|raw_session|isolation_forest|Network Flow Volume and Throughput,raw_session,isolation_forest,Network Flow Volume and Throughput,completed,0.036611389741135335,0.03725970185953773,-0.0006483121184023971,-0.0006483121184023902,0.036789971317218575,0.0,0.0,0.0,0.0,0.0,0.6143344709897611,1.0,False,False
cic_ids_2017_ml_csv,cic_selection,selection,matched_vs_intrinsic,True,matched|observed|raw_session|knn_mean_distance|Flow Lifecycle and Inter-Packet Timing,intrinsic|observed|raw_session|knn_mean_distance|Flow Lifecycle and Inter-Packet Timing,raw_session,knn_mean_distance,Flow Lifecycle and Inter-Packet Timing,completed,0.006308572112298729,0.006552630975467462,-0.00024405886316873366,-0.00034764630877176343,-0.0002440588631687302,0.0,0.013245033112582781,-0.013245033112582781,-0.013245033112582781,0.0,0.0013651877133105802,0.20341296928327646,False,False
cic_ids_2017_ml_csv,cic_selection,selection,matched_vs_intrinsic,True,matched|observed|raw_session|isolation_forest|Flow Lifecycle and Inter-Packet Timing,intrinsic|observed|raw_session|isolation_forest|Flow Lifecycle and Inter-Packet Timing,raw_session,isolation_forest,Flow Lifecycle and Inter-Packet Timing,completed,0.01288970656478667,0.012941964426332721,-5.225786154605151e-05,-5.225786154605325e-05,0.010770049490932774,0.0,0.0,0.0,0.0,0.0,0.6143344709897611,1.0,False,False
cic_ids_2017_ml_csv,cic_selection,selection,matched_vs_intrinsic,True,matched|observed|raw_session|hdbscan_rare_cluster|Flow Lifecycle and Inter-Packet Timing,intrinsic|observed|raw_session|hdbscan_rare_cluster|Flow Lifecycle and Inter-Packet Timing,raw_session,hdbscan_rare_cluster,Flow Lifecycle and Inter-Packet Timing,completed,0.026606071716297933,0.0266433334915755,-3.726177527756808e-05,-3.726177527756461e-05,0.026359624145434173,0.0,0.0,0.0,0.0,0.0,0.6143344709897611,1.0,False,False
cic_ids_2017_ml_csv,cic_selection,selection,matched_vs_intrinsic,True,matched|observed|raw_session|knn_mean_distance|TCP Flag and Handshake Analysis,intrinsic|observed|raw_session|knn_mean_distance|TCP Flag and Handshake Analysis,raw_session,knn_mean_distance,TCP Flag and Handshake Analysis,completed,0.00604,0.00604,0.0,0.0,0.0,0.0,0.0,0.0,0.0,0.0,1.0,1.0,False,False
cic_ids_2017_ml_csv,cic_selection,selection,matched_vs_intrinsic,True,matched|observed|raw_session|isolation_forest|TCP Flag and Handshake Analysis,intrinsic|observed|raw_session|isolation_forest|TCP Flag and Handshake Analysis,raw_session,isolation_forest,TCP Flag and Handshake Analysis,completed,0.015332099588033317,0.015331743336710377,3.562513229398573e-07,0.0,3.562513229398573e-07,0.0,0.0,0.0,0.0,0.0,0.6143344709897611,1.0,False,False
cic_ids_2017_ml_csv,cic_selection,selection,matched_vs_intrinsic,True,matched|observed|raw_session|hdbscan_rare_cluster|TCP Flag and Handshake Analysis,intrinsic|observed|raw_session|hdbscan_rare_cluster|TCP Flag and Handshake Analysis,raw_session,hdbscan_rare_cluster,TCP Flag and Handshake Analysis,completed,0.01009663059697567,0.010085527669467822,1.1102927507848984e-05,0.0,1.1102927507848984e-05,0.0,0.0,0.0,0.0,0.0,0.6143344709897611,1.0,False,False
cic_ids_2017_ml_csv,cic_selection,selection,matched_vs_intrinsic,True,matched|observed|typed_structural_stats|knn_mean_distance|__none__,intrinsic|observed|typed_structural_stats|knn_mean_distance|__none__,typed_structural_stats,knn_mean_distance,,completed,0.00604,0.00604,0.0,0.0,0.0,0.0,0.0,0.0,0.0,0.0,1.0,1.0,False,False
cic_ids_2017_ml_csv,cic_selection,selection,matched_vs_intrinsic,True,matched|observed|typed_structural_stats|isolation_forest|__none__,intrinsic|observed|typed_structural_stats|isolation_forest|__none__,typed_structural_stats,isolation_forest,,completed,0.022272368269388873,0.02237037037037037,-9.800210098149728e-05,-9.800210098149728e-05,0.0,0.0,0.0,0.0,0.0,0.0,0.6143344709897611,1.0,False,False
cic_ids_2017_ml_csv,cic_selection,selection,matched_vs_intrinsic,True,matched|observed|typed_structural_stats|hdbscan_rare_cluster|__none__,intrinsic|observed|typed_structural_stats|hdbscan_rare_cluster|__none__,typed_structural_stats,hdbscan_rare_cluster,,completed,0.014716487106918436,0.014792319749216302,-7.583264229786557e-05,-7.583264229786557e-05,0.0,0.0,0.0,0.0,0.0,0.0,0.6143344709897611,1.0,False,False
cic_ids_2017_ml_csv,cic_selection,selection,matched_vs_intrinsic,True,matched|observed|node2vec|knn_mean_distance|__none__,intrinsic|observed|node2vec|knn_mean_distance|__none__,node2vec,knn_mean_distance,,completed,0.00604,0.00604,0.0,0.0,0.0,0.0,0.0,0.0,0.0,0.0,1.0,1.0,False,False
cic_ids_2017_ml_csv,cic_selection,selection,matched_vs_intrinsic,True,matched|observed|node2vec|isolation_forest|__none__,intrinsic|observed|node2vec|isolation_forest|__none__,node2vec,isolation_forest,,completed,0.02069964629737787,0.019428718476582604,0.0012709278207952666,0.0,0.0012709278207952666,0.0,0.0,0.0,0.0,0.0,0.6143344709897611,1.0,False,False
cic_ids_2017_ml_csv,cic_selection,selection,matched_vs_intrinsic,True,matched|observed|node2vec|hdbscan_rare_cluster|__none__,intrinsic|observed|node2vec|hdbscan_rare_cluster|__none__,node2vec,hdbscan_rare_cluster,,completed,0.02875287627833606,0.028916124090386824,-0.00016324781205076522,-0.00016324781205076522,0.0,0.0,0.0,0.0,0.0,0.0,0.6143344709897611,1.0,False,False
cic_ids_2017_ml_csv,cic_selection,selection,matched_vs_intrinsic,True,matched|observed|graphsage_trained|knn_mean_distance|Network Flow Volume and Throughput,intrinsic|observed|graphsage_trained|knn_mean_distance|Network Flow Volume and Throughput,graphsage_trained,knn_mean_distance,Network Flow Volume and Throughput,completed,0.00604,0.00604,0.0,0.0,0.0,0.0,0.0,0.0,0.0,0.0,1.0,1.0,False,False
cic_ids_2017_ml_csv,cic_selection,selection,matched_vs_intrinsic,True,matched|observed|graphsage_trained|isolation_forest|Network Flow Volume and Throughput,intrinsic|observed|graphsage_trained|isolation_forest|Network Flow Volume and Throughput,graphsage_trained,isolation_forest,Network Flow Volume and Throughput,completed,0.01517505412523251,0.015267947421638018,-9.289329640550792e-05,-9.289329640550792e-05,0.0,0.0,0.0,0.0,0.0,0.0,0.6143344709897611,1.0,False,False
cic_ids_2017_ml_csv,cic_selection,selection,matched_vs_intrinsic,True,matched|observed|graphsage_trained|hdbscan_rare_cluster|Network Flow Volume and Throughput,intrinsic|observed|graphsage_trained|hdbscan_rare_cluster|Network Flow Volume and Throughput,graphsage_trained,hdbscan_rare_cluster,Network Flow Volume and Throughput,completed,0.015175879396984924,0.016257536606373815,-0.0010816572093888914,-0.0010816572093888914,0.0,0.0,0.0,0.0,0.0,0.0,0.6143344709897611,1.0,False,False
cic_ids_2017_ml_csv,cic_selection,selection,matched_vs_intrinsic,True,matched|observed|graphsage_trained|knn_mean_distance|Flow Lifecycle and Inter-Packet Timing,intrinsic|observed|graphsage_trained|knn_mean_distance|Flow Lifecycle and Inter-Packet Timing,graphsage_trained,knn_mean_distance,Flow Lifecycle and Inter-Packet Timing,completed,0.00604,0.00604,0.0,0.0,0.0,0.0,0.0,0.0,0.0,0.0,1.0,1.0,False,False
cic_ids_2017_ml_csv,cic_selection,selection,matched_vs_intrinsic,True,matched|observed|graphsage_trained|isolation_forest|Flow Lifecycle and Inter-Packet Timing,intrinsic|observed|graphsage_trained|isolation_forest|Flow Lifecycle and Inter-Packet Timing,graphsage_trained,isolation_forest,Flow Lifecycle and Inter-Packet Timing,completed,0.021130702490904003,0.021124790151091213,5.912339812789297e-06,0.0,5.912339812789297e-06,0.0,0.0,0.0,0.0,0.0,0.6143344709897611,1.0,False,False
cic_ids_2017_ml_csv,cic_selection,selection,matched_vs_intrinsic,True,matched|observed|graphsage_trained|hdbscan_rare_cluster|Flow Lifecycle and Inter-Packet Timing,intrinsic|observed|graphsage_trained|hdbscan_rare_cluster|Flow Lifecycle and Inter-Packet Timing,graphsage_trained,hdbscan_rare_cluster,Flow Lifecycle and Inter-Packet Timing,completed,0.010561656291529692,0.01075958386774975,-0.0001979275762200583,-0.0001979275762200583,0.0,0.0,0.0,0.0,0.0,0.0,0.6143344709897611,1.0,False,False
cic_ids_2017_ml_csv,cic_selection,selection,matched_vs_intrinsic,True,matched|observed|graphsage_trained|knn_mean_distance|TCP Flag and Handshake Analysis,intrinsic|observed|graphsage_trained|knn_mean_distance|TCP Flag and Handshake Analysis,graphsage_trained,knn_mean_distance,TCP Flag and Handshake Analysis,completed,0.00604,0.00604,0.0,0.0,0.0,0.0,0.0,0.0,0.0,0.0,1.0,1.0,False,False
cic_ids_2017_ml_csv,cic_selection,selection,matched_vs_intrinsic,True,matched|observed|graphsage_trained|isolation_forest|TCP Flag and Handshake Analysis,intrinsic|observed|graphsage_trained|isolation_forest|TCP Flag and Handshake Analysis,graphsage_trained,isolation_forest,TCP Flag and Handshake Analysis,completed,0.014814088099676248,0.014792319749216302,2.176835045994592e-05,0.0,2.176835045994592e-05,0.0,0.0,0.0,0.0,0.0,0.6143344709897611,1.0,False,False
cic_ids_2017_ml_csv,cic_selection,selection,matched_vs_intrinsic,True,matched|observed|graphsage_trained|hdbscan_rare_cluster|TCP Flag and Handshake Analysis,intrinsic|observed|graphsage_trained|hdbscan_rare_cluster|TCP Flag and Handshake Analysis,graphsage_trained,hdbscan_rare_cluster,TCP Flag and Handshake Analysis,completed,0.015584683661884612,0.015613690414641713,-2.9006752757101267e-05,-2.9006752757101267e-05,0.0,0.0,0.0,0.0,0.0,0.0,0.6143344709897611,1.0,False,False
cic_ids_2017_ml_csv,cic_selection,selection,matched_vs_intrinsic,True,matched|observed|dominant_style_trained|dominant_joint_reconstruction|Network Flow Volume and Throughput,intrinsic|observed|dominant_style_trained|dominant_joint_reconstruction|Network Flow Volume and Throughput,dominant_style_trained,dominant_joint_reconstruction,Network Flow Volume and Throughput,completed,0.012735093193893902,0.012680550890157877,5.454230373602535e-05,0.0,5.454230373602535e-05,0.0,0.0,0.0,0.0,0.0,0.6143344709897611,1.0,False,False
cic_ids_2017_ml_csv,cic_selection,selection,matched_vs_intrinsic,True,matched|observed|dominant_style_trained|dominant_joint_reconstruction|Flow Lifecycle and Inter-Packet Timing,intrinsic|observed|dominant_style_trained|dominant_joint_reconstruction|Flow Lifecycle and Inter-Packet Timing,dominant_style_trained,dominant_joint_reconstruction,Flow Lifecycle and Inter-Packet Timing,completed,0.01985535831689678,0.019852747830660007,2.6104862367731796e-06,0.0,2.6104862367731796e-06,0.0,0.0,0.0,0.0,0.0,0.6143344709897611,1.0,False,False
cic_ids_2017_ml_csv,cic_selection,selection,matched_vs_intrinsic,True,matched|observed|dominant_style_trained|dominant_joint_reconstruction|TCP Flag and Handshake Analysis,intrinsic|observed|dominant_style_trained|dominant_joint_reconstruction|TCP Flag and Handshake Analysis,dominant_style_trained,dominant_joint_reconstruction,TCP Flag and Handshake Analysis,completed,0.009115054931788,0.009001490312965724,0.00011356461882227643,0.0,0.00011356461882227643,0.0,0.0,0.0,0.0,0.0,0.6143344709897611,1.0,False,False
cic_ids_2017_ml_csv,cic_selection,selection,candidate_vs_random,True,intrinsic|observed|dominant_style_trained|dominant_joint_reconstruction|Flow Lifecycle and Inter-Packet Timing,intrinsic|observed|random_score|random|__none__,dominant_style_trained,dominant_joint_reconstruction,Flow Lifecycle and Inter-Packet Timing,completed,0.019852747830660007,0.006281133938721397,0.01357161389193861,-0.01265108170811112,0.013571613891938608,0.0,0.0,0.0,0.0,0.0,0.6143344709897611,1.0,False,False
cic_ids_2017_ml_csv,cic_selection,selection,candidate_vs_random,True,intrinsic|observed|dominant_style_trained|dominant_joint_reconstruction|Network Flow Volume and Throughput,intrinsic|observed|random_score|random|__none__,dominant_style_trained,dominant_joint_reconstruction,Network Flow Volume and Throughput,completed,0.012680550890157877,0.006281133938721397,0.00639941695143648,-0.01265108170811112,0.006399416951436478,0.0,0.0,0.0,0.0,0.0,0.6143344709897611,1.0,False,False
cic_ids_2017_ml_csv,cic_selection,selection,candidate_vs_random,True,intrinsic|observed|dominant_style_trained|dominant_joint_reconstruction|TCP Flag and Handshake Analysis,intrinsic|observed|random_score|random|__none__,dominant_style_trained,dominant_joint_reconstruction,TCP Flag and Handshake Analysis,completed,0.009001490312965724,0.006281133938721397,0.0027203563742443267,-0.01265108170811112,0.002720356374244325,0.0,0.0,0.0,0.0,0.0,0.6143344709897611,1.0,False,False
cic_ids_2017_ml_csv,cic_selection,selection,candidate_vs_random,True,intrinsic|observed|graphsage_trained|hdbscan_rare_cluster|Flow Lifecycle and Inter-Packet Timing,intrinsic|observed|random_score|random|__none__,graphsage_trained,hdbscan_rare_cluster,Flow Lifecycle and Inter-Packet Timing,completed,0.01075958386774975,0.006281133938721397,0.004478449929028353,-0.01265108170811112,0.0044784499290283514,0.0,0.0,0.0,0.0,0.0,0.6143344709897611,1.0,False,False
cic_ids_2017_ml_csv,cic_selection,selection,candidate_vs_random,True,intrinsic|observed|graphsage_trained|hdbscan_rare_cluster|Network Flow Volume and Throughput,intrinsic|observed|random_score|random|__none__,graphsage_trained,hdbscan_rare_cluster,Network Flow Volume and Throughput,completed,0.016257536606373815,0.006281133938721397,0.009976402667652418,-0.01265108170811112,0.009976402667652417,0.0,0.0,0.0,0.0,0.0,0.6143344709897611,1.0,False,False
cic_ids_2017_ml_csv,cic_selection,selection,candidate_vs_random,True,intrinsic|observed|graphsage_trained|hdbscan_rare_cluster|TCP Flag and Handshake Analysis,intrinsic|observed|random_score|random|__none__,graphsage_trained,hdbscan_rare_cluster,TCP Flag and Handshake Analysis,completed,0.015613690414641713,0.006281133938721397,0.009332556475920316,-0.01265108170811112,0.009332556475920314,0.0,0.0,0.0,0.0,0.0,0.6143344709897611,1.0,False,False
cic_ids_2017_ml_csv,cic_selection,selection,candidate_vs_random,True,intrinsic|observed|graphsage_trained|isolation_forest|Flow Lifecycle and Inter-Packet Timing,intrinsic|observed|random_score|random|__none__,graphsage_trained,isolation_forest,Flow Lifecycle and Inter-Packet Timing,completed,0.021124790151091213,0.006281133938721397,0.014843656212369816,-0.01265108170811112,0.014843656212369815,0.0,0.0,0.0,0.0,0.0,0.6143344709897611,1.0,False,False
cic_ids_2017_ml_csv,cic_selection,selection,candidate_vs_random,True,intrinsic|observed|graphsage_trained|isolation_forest|Network Flow Volume and Throughput,intrinsic|observed|random_score|random|__none__,graphsage_trained,isolation_forest,Network Flow Volume and Throughput,completed,0.015267947421638018,0.006281133938721397,0.008986813482916621,-0.01265108170811112,0.00898681348291662,0.0,0.0,0.0,0.0,0.0,0.6143344709897611,1.0,False,False
cic_ids_2017_ml_csv,cic_selection,selection,candidate_vs_random,True,intrinsic|observed|graphsage_trained|isolation_forest|TCP Flag and Handshake Analysis,intrinsic|observed|random_score|random|__none__,graphsage_trained,isolation_forest,TCP Flag and Handshake Analysis,completed,0.014792319749216302,0.006281133938721397,0.008511185810494905,-0.01265108170811112,0.008511185810494903,0.0,0.0,0.0,0.0,0.0,0.6143344709897611,1.0,False,False
cic_ids_2017_ml_csv,cic_selection,selection,candidate_vs_random,True,intrinsic|observed|graphsage_trained|knn_mean_distance|Flow Lifecycle and Inter-Packet Timing,intrinsic|observed|random_score|random|__none__,graphsage_trained,knn_mean_distance,Flow Lifecycle and Inter-Packet Timing,completed,0.00604,0.006281133938721397,-0.00024113393872139677,-0.01265108170811112,-0.0002411339387213985,0.0,0.0,0.0,0.0,0.0,0.0013651877133105802,0.20341296928327646,False,False
cic_ids_2017_ml_csv,cic_selection,selection,candidate_vs_random,True,intrinsic|observed|graphsage_trained|knn_mean_distance|Network Flow Volume and Throughput,intrinsic|observed|random_score|random|__none__,graphsage_trained,knn_mean_distance,Network Flow Volume and Throughput,completed,0.00604,0.006281133938721397,-0.00024113393872139677,-0.01265108170811112,-0.0002411339387213985,0.0,0.0,0.0,0.0,0.0,0.0013651877133105802,0.20341296928327646,False,False
cic_ids_2017_ml_csv,cic_selection,selection,candidate_vs_random,True,intrinsic|observed|graphsage_trained|knn_mean_distance|TCP Flag and Handshake Analysis,intrinsic|observed|random_score|random|__none__,graphsage_trained,knn_mean_distance,TCP Flag and Handshake Analysis,completed,0.00604,0.006281133938721397,-0.00024113393872139677,-0.01265108170811112,-0.0002411339387213985,0.0,0.0,0.0,0.0,0.0,0.0013651877133105802,0.20341296928327646,False,False
cic_ids_2017_ml_csv,cic_selection,selection,candidate_vs_random,True,intrinsic|observed|node2vec|hdbscan_rare_cluster|__none__,intrinsic|observed|random_score|random|__none__,node2vec,hdbscan_rare_cluster,,completed,0.028916124090386824,0.006281133938721397,0.022634990151665427,-0.01265108170811112,0.022634990151665424,0.0,0.0,0.0,0.0,0.0,0.6143344709897611,1.0,False,False
cic_ids_2017_ml_csv,cic_selection,selection,candidate_vs_random,True,intrinsic|observed|node2vec|isolation_forest|__none__,intrinsic|observed|random_score|random|__none__,node2vec,isolation_forest,,completed,0.019428718476582604,0.006281133938721397,0.013147584537861207,-0.01265108170811112,0.013147584537861206,0.0,0.0,0.0,0.0,0.0,0.6143344709897611,1.0,False,False
cic_ids_2017_ml_csv,cic_selection,selection,candidate_vs_random,True,intrinsic|observed|node2vec|knn_mean_distance|__none__,intrinsic|observed|random_score|random|__none__,node2vec,knn_mean_distance,,completed,0.00604,0.006281133938721397,-0.00024113393872139677,-0.01265108170811112,-0.0002411339387213985,0.0,0.0,0.0,0.0,0.0,0.0013651877133105802,0.20341296928327646,False,False
cic_ids_2017_ml_csv,cic_selection,selection,candidate_vs_random,True,intrinsic|observed|raw_session|hdbscan_rare_cluster|Flow Lifecycle and Inter-Packet Timing,intrinsic|observed|random_score|random|__none__,raw_session,hdbscan_rare_cluster,Flow Lifecycle and Inter-Packet Timing,completed,0.0266433334915755,0.006281133938721397,0.020362199552854104,-0.004814298513833814,0.0203621995528541,0.0,0.0,0.0,0.0,0.0,0.6143344709897611,1.0,False,False
cic_ids_2017_ml_csv,cic_selection,selection,candidate_vs_random,True,intrinsic|observed|raw_session|hdbscan_rare_cluster|Network Flow Volume and Throughput,intrinsic|observed|random_score|random|__none__,raw_session,hdbscan_rare_cluster,Network Flow Volume and Throughput,not_evaluable,,0.006281133938721397,,,,,0.0,,,,,,False,False
cic_ids_2017_ml_csv,cic_selection,selection,candidate_vs_random,True,intrinsic|observed|raw_session|hdbscan_rare_cluster|TCP Flag and Handshake Analysis,intrinsic|observed|random_score|random|__none__,raw_session,hdbscan_rare_cluster,TCP Flag and Handshake Analysis,completed,0.010085527669467822,0.006281133938721397,0.003804393730746425,-0.01265108170811112,0.003804393730746423,0.0,0.0,0.0,0.0,0.0,0.6143344709897611,1.0,False,False
cic_ids_2017_ml_csv,cic_selection,selection,candidate_vs_random,True,intrinsic|observed|raw_session|isolation_forest|Flow Lifecycle and Inter-Packet Timing,intrinsic|observed|random_score|random|__none__,raw_session,isolation_forest,Flow Lifecycle and Inter-Packet Timing,completed,0.012941964426332721,0.006281133938721397,0.006660830487611324,-0.0021612199776462233,0.006660830487611322,0.0,0.0,0.0,0.0,0.0,0.6143344709897611,1.0,False,False
cic_ids_2017_ml_csv,cic_selection,selection,candidate_vs_random,True,intrinsic|observed|raw_session|isolation_forest|Network Flow Volume and Throughput,intrinsic|observed|random_score|random|__none__,raw_session,isolation_forest,Network Flow Volume and Throughput,completed,0.03725970185953773,0.006281133938721397,0.030978567920816335,0.017117027598395933,0.030978567920816324,0.0,0.0,0.0,0.0,0.0,0.0013651877133105802,0.20341296928327646,False,False
cic_ids_2017_ml_csv,cic_selection,selection,candidate_vs_random,True,intrinsic|observed|raw_session|isolation_forest|TCP Flag and Handshake Analysis,intrinsic|observed|random_score|random|__none__,raw_session,isolation_forest,TCP Flag and Handshake Analysis,completed,0.015331743336710377,0.006281133938721397,0.00905060939798898,-0.01265108170811112,0.009050609397988978,0.0,0.0,0.0,0.0,0.0,0.6143344709897611,1.0,False,False
cic_ids_2017_ml_csv,cic_selection,selection,candidate_vs_random,True,intrinsic|observed|raw_session|knn_mean_distance|Flow Lifecycle and Inter-Packet Timing,intrinsic|observed|random_score|random|__none__,raw_session,knn_mean_distance,Flow Lifecycle and Inter-Packet Timing,completed,0.006552630975467462,0.006281133938721397,0.0002714970367460653,-0.0013187210491261286,0.0002714970367460627,0.013245033112582781,0.0,0.013245033112582781,0.0,0.013245033112582781,0.6143344709897611,1.0,False,False
cic_ids_2017_ml_csv,cic_selection,selection,candidate_vs_random,True,intrinsic|observed|raw_session|knn_mean_distance|Network Flow Volume and Throughput,intrinsic|observed|random_score|random|__none__,raw_session,knn_mean_distance,Network Flow Volume and Throughput,completed,0.004139654328232111,0.006281133938721397,-0.002141479610489286,-0.005444231776108786,-0.0021414796104892875,0.0,0.0,0.0,0.0,0.0,0.0013651877133105802,0.20341296928327646,False,False
cic_ids_2017_ml_csv,cic_selection,selection,candidate_vs_random,True,intrinsic|observed|raw_session|knn_mean_distance|TCP Flag and Handshake Analysis,intrinsic|observed|random_score|random|__none__,raw_session,knn_mean_distance,TCP Flag and Handshake Analysis,completed,0.00604,0.006281133938721397,-0.00024113393872139677,-0.01265108170811112,-0.0002411339387213985,0.0,0.0,0.0,0.0,0.0,0.0013651877133105802,0.20341296928327646,False,False
cic_ids_2017_ml_csv,cic_selection,selection,candidate_vs_random,True,intrinsic|observed|typed_structural_stats|hdbscan_rare_cluster|__none__,intrinsic|observed|random_score|random|__none__,typed_structural_stats,hdbscan_rare_cluster,,completed,0.014792319749216302,0.006281133938721397,0.008511185810494905,-0.01265108170811112,0.008511185810494903,0.0,0.0,0.0,0.0,0.0,0.6143344709897611,1.0,False,False
cic_ids_2017_ml_csv,cic_selection,selection,candidate_vs_random,True,intrinsic|observed|typed_structural_stats|isolation_forest|__none__,intrinsic|observed|random_score|random|__none__,typed_structural_stats,isolation_forest,,completed,0.02237037037037037,0.006281133938721397,0.016089236431648973,-0.01265108170811112,0.016089236431648973,0.0,0.0,0.0,0.0,0.0,0.6143344709897611,1.0,False,False
cic_ids_2017_ml_csv,cic_selection,selection,candidate_vs_random,True,intrinsic|observed|typed_structural_stats|knn_mean_distance|__none__,intrinsic|observed|random_score|random|__none__,typed_structural_stats,knn_mean_distance,,completed,0.00604,0.006281133938721397,-0.00024113393872139677,-0.01265108170811112,-0.0002411339387213985,0.0,0.0,0.0,0.0,0.0,0.0013651877133105802,0.20341296928327646,False,False
cic_ids_2017_ml_csv,cic_selection,selection,candidate_vs_random,True,matched|observed|dominant_style_trained|dominant_joint_reconstruction|Flow Lifecycle and Inter-Packet Timing,intrinsic|observed|random_score|random|__none__,dominant_style_trained,dominant_joint_reconstruction,Flow Lifecycle and Inter-Packet Timing,completed,0.01985535831689678,0.006281133938721397,0.013574224378175383,-0.01265108170811112,0.013574224378175381,0.0,0.0,0.0,0.0,0.0,0.6143344709897611,1.0,False,False
cic_ids_2017_ml_csv,cic_selection,selection,candidate_vs_random,True,matched|observed|dominant_style_trained|dominant_joint_reconstruction|Network Flow Volume and Throughput,intrinsic|observed|random_score|random|__none__,dominant_style_trained,dominant_joint_reconstruction,Network Flow Volume and Throughput,completed,0.012735093193893902,0.006281133938721397,0.006453959255172505,-0.01265108170811112,0.006453959255172503,0.0,0.0,0.0,0.0,0.0,0.6143344709897611,1.0,False,False
cic_ids_2017_ml_csv,cic_selection,selection,candidate_vs_random,True,matched|observed|dominant_style_trained|dominant_joint_reconstruction|TCP Flag and Handshake Analysis,intrinsic|observed|random_score|random|__none__,dominant_style_trained,dominant_joint_reconstruction,TCP Flag and Handshake Analysis,completed,0.009115054931788,0.006281133938721397,0.002833920993066603,-0.01265108170811112,0.0028339209930666014,0.0,0.0,0.0,0.0,0.0,0.6143344709897611,1.0,False,False
cic_ids_2017_ml_csv,cic_selection,selection,candidate_vs_random,True,matched|observed|graphsage_trained|hdbscan_rare_cluster|Flow Lifecycle and Inter-Packet Timing,intrinsic|observed|random_score|random|__none__,graphsage_trained,hdbscan_rare_cluster,Flow Lifecycle and Inter-Packet Timing,completed,0.010561656291529692,0.006281133938721397,0.004280522352808295,-0.01265108170811112,0.004280522352808293,0.0,0.0,0.0,0.0,0.0,0.6143344709897611,1.0,False,False
cic_ids_2017_ml_csv,cic_selection,selection,candidate_vs_random,True,matched|observed|graphsage_trained|hdbscan_rare_cluster|Network Flow Volume and Throughput,intrinsic|observed|random_score|random|__none__,graphsage_trained,hdbscan_rare_cluster,Network Flow Volume and Throughput,completed,0.015175879396984924,0.006281133938721397,0.008894745458263527,-0.01265108170811112,0.008894745458263525,0.0,0.0,0.0,0.0,0.0,0.6143344709897611,1.0,False,False
cic_ids_2017_ml_csv,cic_selection,selection,candidate_vs_random,True,matched|observed|graphsage_trained|hdbscan_rare_cluster|TCP Flag and Handshake Analysis,intrinsic|observed|random_score|random|__none__,graphsage_trained,hdbscan_rare_cluster,TCP Flag and Handshake Analysis,completed,0.015584683661884612,0.006281133938721397,0.009303549723163215,-0.01265108170811112,0.009303549723163213,0.0,0.0,0.0,0.0,0.0,0.6143344709897611,1.0,False,False
cic_ids_2017_ml_csv,cic_selection,selection,candidate_vs_random,True,matched|observed|graphsage_trained|isolation_forest|Flow Lifecycle and Inter-Packet Timing,intrinsic|observed|random_score|random|__none__,graphsage_trained,isolation_forest,Flow Lifecycle and Inter-Packet Timing,completed,0.021130702490904003,0.006281133938721397,0.014849568552182606,-0.01265108170811112,0.014849568552182604,0.0,0.0,0.0,0.0,0.0,0.6143344709897611,1.0,False,False
cic_ids_2017_ml_csv,cic_selection,selection,candidate_vs_random,True,matched|observed|graphsage_trained|isolation_forest|Network Flow Volume and Throughput,intrinsic|observed|random_score|random|__none__,graphsage_trained,isolation_forest,Network Flow Volume and Throughput,completed,0.01517505412523251,0.006281133938721397,0.008893920186511113,-0.01265108170811112,0.008893920186511112,0.0,0.0,0.0,0.0,0.0,0.6143344709897611,1.0,False,False
cic_ids_2017_ml_csv,cic_selection,selection,candidate_vs_random,True,matched|observed|graphsage_trained|isolation_forest|TCP Flag and Handshake Analysis,intrinsic|observed|random_score|random|__none__,graphsage_trained,isolation_forest,TCP Flag and Handshake Analysis,completed,0.014814088099676248,0.006281133938721397,0.00853295416095485,-0.01265108170811112,0.008532954160954849,0.0,0.0,0.0,0.0,0.0,0.6143344709897611,1.0,False,False
cic_ids_2017_ml_csv,cic_selection,selection,candidate_vs_random,True,matched|observed|graphsage_trained|knn_mean_distance|Flow Lifecycle and Inter-Packet Timing,intrinsic|observed|random_score|random|__none__,graphsage_trained,knn_mean_distance,Flow Lifecycle and Inter-Packet Timing,completed,0.00604,0.006281133938721397,-0.00024113393872139677,-0.01265108170811112,-0.0002411339387213985,0.0,0.0,0.0,0.0,0.0,0.0013651877133105802,0.20341296928327646,False,False
cic_ids_2017_ml_csv,cic_selection,selection,candidate_vs_random,True,matched|observed|graphsage_trained|knn_mean_distance|Network Flow Volume and Throughput,intrinsic|observed|random_score|random|__none__,graphsage_trained,knn_mean_distance,Network Flow Volume and Throughput,completed,0.00604,0.006281133938721397,-0.00024113393872139677,-0.01265108170811112,-0.0002411339387213985,0.0,0.0,0.0,0.0,0.0,0.0013651877133105802,0.20341296928327646,False,False
cic_ids_2017_ml_csv,cic_selection,selection,candidate_vs_random,True,matched|observed|graphsage_trained|knn_mean_distance|TCP Flag and Handshake Analysis,intrinsic|observed|random_score|random|__none__,graphsage_trained,knn_mean_distance,TCP Flag and Handshake Analysis,completed,0.00604,0.006281133938721397,-0.00024113393872139677,-0.01265108170811112,-0.0002411339387213985,0.0,0.0,0.0,0.0,0.0,0.0013651877133105802,0.20341296928327646,False,False
cic_ids_2017_ml_csv,cic_selection,selection,candidate_vs_random,True,matched|observed|node2vec|hdbscan_rare_cluster|__none__,intrinsic|observed|random_score|random|__none__,node2vec,hdbscan_rare_cluster,,completed,0.02875287627833606,0.006281133938721397,0.022471742339614662,-0.01265108170811112,0.02247174233961466,0.0,0.0,0.0,0.0,0.0,0.6143344709897611,1.0,False,False
cic_ids_2017_ml_csv,cic_selection,selection,candidate_vs_random,True,matched|observed|node2vec|isolation_forest|__none__,intrinsic|observed|random_score|random|__none__,node2vec,isolation_forest,,completed,0.02069964629737787,0.006281133938721397,0.014418512358656474,-0.01265108170811112,0.014418512358656472,0.0,0.0,0.0,0.0,0.0,0.6143344709897611,1.0,False,False
cic_ids_2017_ml_csv,cic_selection,selection,candidate_vs_random,True,matched|observed|node2vec|knn_mean_distance|__none__,intrinsic|observed|random_score|random|__none__,node2vec,knn_mean_distance,,completed,0.00604,0.006281133938721397,-0.00024113393872139677,-0.01265108170811112,-0.0002411339387213985,0.0,0.0,0.0,0.0,0.0,0.0013651877133105802,0.20341296928327646,False,False
cic_ids_2017_ml_csv,cic_selection,selection,candidate_vs_random,True,matched|observed|raw_session|hdbscan_rare_cluster|Flow Lifecycle and Inter-Packet Timing,intrinsic|observed|random_score|random|__none__,raw_session,hdbscan_rare_cluster,Flow Lifecycle and Inter-Packet Timing,completed,0.026606071716297933,0.006281133938721397,0.020324937777576536,0.020324937777576532,0.02154532563160036,0.0,0.0,0.0,0.0,0.0,0.0013651877133105802,0.20341296928327646,False,False
cic_ids_2017_ml_csv,cic_selection,selection,candidate_vs_random,True,matched|observed|raw_session|hdbscan_rare_cluster|TCP Flag and Handshake Analysis,intrinsic|observed|random_score|random|__none__,raw_session,hdbscan_rare_cluster,TCP Flag and Handshake Analysis,completed,0.01009663059697567,0.006281133938721397,0.003815496658254274,-0.01265108170811112,0.003815496658254272,0.0,0.0,0.0,0.0,0.0,0.6143344709897611,1.0,False,False
cic_ids_2017_ml_csv,cic_selection,selection,candidate_vs_random,True,matched|observed|raw_session|isolation_forest|Flow Lifecycle and Inter-Packet Timing,intrinsic|observed|random_score|random|__none__,raw_session,isolation_forest,Flow Lifecycle and Inter-Packet Timing,completed,0.01288970656478667,0.006281133938721397,0.006608572626065273,0.006608572626065269,0.00860882951328655,0.0,0.0,0.0,0.0,0.0,0.0013651877133105802,0.20341296928327646,False,False
cic_ids_2017_ml_csv,cic_selection,selection,candidate_vs_random,True,matched|observed|raw_session|isolation_forest|Network Flow Volume and Throughput,intrinsic|observed|random_score|random|__none__,raw_session,isolation_forest,Network Flow Volume and Throughput,completed,0.036611389741135335,0.006281133938721397,0.030330255802413938,0.030330255802413934,0.05390699891561451,0.0,0.0,0.0,0.0,0.0,0.0013651877133105802,0.20341296928327646,False,False
cic_ids_2017_ml_csv,cic_selection,selection,candidate_vs_random,True,matched|observed|raw_session|isolation_forest|TCP Flag and Handshake Analysis,intrinsic|observed|random_score|random|__none__,raw_session,isolation_forest,TCP Flag and Handshake Analysis,completed,0.015332099588033317,0.006281133938721397,0.00905096564931192,-0.01265108170811112,0.009050965649311918,0.0,0.0,0.0,0.0,0.0,0.6143344709897611,1.0,False,False
cic_ids_2017_ml_csv,cic_selection,selection,candidate_vs_random,True,matched|observed|raw_session|knn_mean_distance|Flow Lifecycle and Inter-Packet Timing,intrinsic|observed|random_score|random|__none__,raw_session,knn_mean_distance,Flow Lifecycle and Inter-Packet Timing,completed,0.006308572112298729,0.006281133938721397,2.7438173577331616e-05,-0.001666367357897892,2.7438173577332484e-05,0.0,0.0,0.0,0.0,0.0,0.6143344709897611,1.0,False,False
cic_ids_2017_ml_csv,cic_selection,selection,candidate_vs_random,True,matched|observed|raw_session|knn_mean_distance|Network Flow Volume and Throughput,intrinsic|observed|random_score|random|__none__,raw_session,knn_mean_distance,Network Flow Volume and Throughput,completed,0.004302686302396011,0.006281133938721397,-0.001978447636325386,-0.005104112381898915,-0.0019784476363253886,0.0,0.0,0.0,0.0,0.0,0.0013651877133105802,0.20341296928327646,False,False
cic_ids_2017_ml_csv,cic_selection,selection,candidate_vs_random,True,matched|observed|raw_session|knn_mean_distance|TCP Flag and Handshake Analysis,intrinsic|observed|random_score|random|__none__,raw_session,knn_mean_distance,TCP Flag and Handshake Analysis,completed,0.00604,0.006281133938721397,-0.00024113393872139677,-0.01265108170811112,-0.0002411339387213985,0.0,0.0,0.0,0.0,0.0,0.0013651877133105802,0.20341296928327646,False,False
cic_ids_2017_ml_csv,cic_selection,selection,candidate_vs_random,True,matched|observed|typed_structural_stats|hdbscan_rare_cluster|__none__,intrinsic|observed|random_score|random|__none__,typed_structural_stats,hdbscan_rare_cluster,,completed,0.014716487106918436,0.006281133938721397,0.00843535316819704,-0.01265108170811112,0.008435353168197037,0.0,0.0,0.0,0.0,0.0,0.6143344709897611,1.0,False,False
cic_ids_2017_ml_csv,cic_selection,selection,candidate_vs_random,True,matched|observed|typed_structural_stats|isolation_forest|__none__,intrinsic|observed|random_score|random|__none__,typed_structural_stats,isolation_forest,,completed,0.022272368269388873,0.006281133938721397,0.015991234330667476,-0.01265108170811112,0.015991234330667473,0.0,0.0,0.0,0.0,0.0,0.6143344709897611,1.0,False,False
cic_ids_2017_ml_csv,cic_selection,selection,candidate_vs_random,True,matched|observed|typed_structural_stats|knn_mean_distance|__none__,intrinsic|observed|random_score|random|__none__,typed_structural_stats,knn_mean_distance,,completed,0.00604,0.006281133938721397,-0.00024113393872139677,-0.01265108170811112,-0.0002411339387213985,0.0,0.0,0.0,0.0,0.0,0.0013651877133105802,0.20341296928327646,False,False
